2025-10-11 20:30:26.600305: I tensorflow/core/util/port.cc:153] oneDNN custom operations are on. You may see slightly different numerical results due to floating-point round-off errors from different computation orders. To turn them off, set the environment variable `TF_ENABLE_ONEDNN_OPTS=0`.
2025-10-11 20:30:26.640919: I tensorflow/core/platform/cpu_feature_guard.cc:210] This TensorFlow binary is optimized to use available CPU instructions in performance-critical operations.
To enable the following instructions: AVX2 AVX512F AVX512_VNNI AVX512_BF16 AVX512_FP16 AVX_VNNI AMX_TILE AMX_INT8 AMX_BF16 FMA, in other operations, rebuild TensorFlow with the appropriate compiler flags.
2025-10-11 20:30:27.485131: I tensorflow/core/util/port.cc:153] oneDNN custom operations are on. You may see slightly different numerical results due to floating-point round-off errors from different computation orders. To turn them off, set the environment variable `TF_ENABLE_ONEDNN_OPTS=0`.
WARNING: All log messages before absl::InitializeLog() is called are written to STDERR
I0000 00:00:1760185828.301343 2843680 gpu_device.cc:2020] Created device /job:localhost/replica:0/task:0/device:GPU:0 with 43505 MB memory:  -> device: 0, name: NVIDIA L40, pci bus id: 0000:8a:00.0, compute capability: 8.9
/home/ET/thhu/nn/lib/python3.12/site-packages/keras/src/optimizers/base_optimizer.py:857: UserWarning: Gradients do not exist for variables ['dense_3/bias'] when minimizing the loss. If using `model.compile()`, did you forget to provide a `loss` argument?
  warnings.warn(
i= 100
Epoch 100, loss: -217.35987241715097, error: 0.6328626079749156
i= 200
Epoch 200, loss: -532.4010017207124, error: 0.18980712758280494
i= 300
Epoch 300, loss: -835.6810254019074, error: 0.2364662581654518
i= 400
Epoch 400, loss: -1177.415786987621, error: 0.4733866718534061
i= 500
Epoch 500, loss: -1437.80081508368, error: 0.6092240055378246
i= 600
Epoch 600, loss: -1840.3630566045736, error: 0.9523049634600946
i= 700
Epoch 700, loss: -2203.5774360787923, error: 1.4285504007598429
i= 800
Epoch 800, loss: -2586.247311846886, error: 1.4431744521019307
i= 900
Epoch 900, loss: -3138.062842214558, error: 1.5084767817678335
i= 1000
Epoch 1000, loss: -3797.895638045981, error: 1.4649877227219301
i= 1100
Epoch 1100, loss: -4695.349754166028, error: 2.075044061933577
i= 1200
Epoch 1200, loss: -5736.297774868986, error: 1.4323081628062992
i= 1300
Epoch 1300, loss: -6380.82647308362, error: 1.2880042473775881
i= 1400
Epoch 1400, loss: -6935.7151663332315, error: 1.2944285545000846
i= 1500
Epoch 1500, loss: -7776.375914793644, error: 0.9892412307972701
i= 1600
Epoch 1600, loss: -8335.210438294976, error: 0.8397789934852441
i= 1700
Epoch 1700, loss: -9116.292350569302, error: 1.530213140041039
i= 1800
Epoch 1800, loss: -9794.238068932698, error: 0.8018624305899847
i= 1900
Epoch 1900, loss: -11094.822230182595, error: 0.8021531181622636
i= 2000
Epoch 2000, loss: -10039.1233543261, error: 1.931100871542179
i= 2100
Epoch 2100, loss: -12336.480609702727, error: 0.9175915550691363
i= 2200
Epoch 2200, loss: -12213.826360547228, error: 1.9239499481395994
i= 2300
Epoch 2300, loss: -12672.138531687042, error: 0.9746313439924745
i= 2400
Epoch 2400, loss: -12848.764642159813, error: 0.9951771576548671
i= 2500
Epoch 2500, loss: -13978.955255678395, error: 0.9859965335517734
i= 2600
Epoch 2600, loss: -14737.017923645246, error: 0.9719373710766143
i= 2700
Epoch 2700, loss: -15710.373923072995, error: 0.9700507344883137
i= 2800
Epoch 2800, loss: -17137.944676546434, error: 0.9379831693125462
i= 2900
Epoch 2900, loss: -15613.860886018954, error: 1.2158973466467404
i= 3000
Epoch 3000, loss: -17863.20756143862, error: 0.9758086639977303
i= 3100
Epoch 3100, loss: -17126.601735376218, error: 0.9822833394165003
i= 3200
Epoch 3200, loss: -18222.25643582292, error: 0.9870638814680941
i= 3300
Epoch 3300, loss: -17515.86673005904, error: 0.9597581432469966
i= 3400
Epoch 3400, loss: -20373.919509364205, error: 0.9902562418832713
i= 3500
Epoch 3500, loss: -20210.41264530155, error: 1.0128978012929548
i= 3600
Epoch 3600, loss: -18137.76296430884, error: 0.9967258476017731
i= 3700
Epoch 3700, loss: -19778.95617056053, error: 0.9977017752006363
i= 3800
Epoch 3800, loss: -21465.51791661361, error: 0.999563253934921
i= 3900
Epoch 3900, loss: -24154.587219550474, error: 0.9998645881030676
i= 4000
Epoch 4000, loss: -21803.815815817714, error: 0.9995614346692427
i= 4100
Epoch 4100, loss: -20895.327470996494, error: 0.9998413054349181
i= 4200
Epoch 4200, loss: -22860.342882894856, error: 1.000115741711013
i= 4300
Epoch 4300, loss: -24387.192246707124, error: 1.0000037500947971
i= 4400
Epoch 4400, loss: -24996.166918730636, error: 0.9999153422521323
i= 4500
Epoch 4500, loss: -25308.040513167856, error: 0.9999883872204745
i= 4600
Epoch 4600, loss: -25544.877523844392, error: 1.0002614888378636
i= 4700
Epoch 4700, loss: -25619.353557609335, error: 0.9999609485868742
i= 4800
Epoch 4800, loss: -23932.682746563878, error: 0.9999876280028147
i= 4900
Epoch 4900, loss: -26670.201770760992, error: 0.9999939719626665
i= 5000
Epoch 5000, loss: -27837.357808059693, error: 0.9999578894339237
i= 5100
Epoch 5100, loss: -26812.972520998188, error: 1.0000237176892037
i= 5200
Epoch 5200, loss: -29275.32793348717, error: 0.9999579850637335
i= 5300
Epoch 5300, loss: -27870.36622613526, error: 0.999962852441629
i= 5400
Epoch 5400, loss: -29960.444056291, error: 0.999991850980588
i= 5500
Epoch 5500, loss: -32302.633365065376, error: 0.9999413159218771
i= 5600
Epoch 5600, loss: -31175.189606602074, error: 0.999972283168506
i= 5700
Epoch 5700, loss: -29696.75929656681, error: 0.99991848285008
i= 5800
Epoch 5800, loss: -27801.052003223394, error: 0.9999978468582658
i= 5900
Epoch 5900, loss: -30500.767993876743, error: 0.9999843093161843
i= 6000
Epoch 6000, loss: -35040.48067903879, error: 0.9999917763745483
i= 6100
Epoch 6100, loss: -32298.614162596557, error: 0.9999936403097077
i= 6200
Epoch 6200, loss: -30285.9710171762, error: 0.9999616118638315
i= 6300
Epoch 6300, loss: -36339.500400066485, error: 0.9999992609039327
i= 6400
Epoch 6400, loss: -36660.00056439982, error: 1.0000200901476952
i= 6500
Epoch 6500, loss: -35275.15042646271, error: 1.8303787780892637
i= 6600
Epoch 6600, loss: -36504.779358599175, error: 0.9999981625140708
i= 6700
Epoch 6700, loss: -37651.105939302826, error: 0.9999747810171399
i= 6800
Epoch 6800, loss: -33062.6318737671, error: 0.9999995810721563
i= 6900
Epoch 6900, loss: -34248.70231543682, error: 0.9999969823347911
i= 7000
Epoch 7000, loss: -39151.159940403966, error: 0.999997274844022
i= 7100
Epoch 7100, loss: -37046.965582484016, error: 0.9999984397443543
i= 7200
Epoch 7200, loss: -35688.95220813746, error: 0.9999420702626796
i= 7300
Epoch 7300, loss: -37913.53141152162, error: 1.0000427266612932
i= 7400
Epoch 7400, loss: -31204.18218133515, error: 0.9999993418974956
i= 7500
Epoch 7500, loss: -41225.77706046937, error: 0.9999986504184115
i= 7600
Epoch 7600, loss: -36636.82701430712, error: 0.9999994110850431
i= 7700
Epoch 7700, loss: -38177.67009696588, error: 0.9999996925369853
i= 7800
Epoch 7800, loss: -42722.739024447714, error: 0.9999997524514341
i= 7900
Epoch 7900, loss: -39060.36484872109, error: 0.9999997691003547
i= 8000
Epoch 8000, loss: -42671.76613936013, error: 0.9999996887588375
i= 8100
Epoch 8100, loss: -40608.75095114975, error: 0.9999996307371483
i= 8200
Epoch 8200, loss: -39802.12134517721, error: 0.9999997498407809
i= 8300
Epoch 8300, loss: -46231.8635921511, error: 0.9999997261391695
i= 8400
Epoch 8400, loss: -40086.39974250956, error: 0.9999997546156676
i= 8500
Epoch 8500, loss: -39241.14320125995, error: 0.999999712583427
i= 8600
Epoch 8600, loss: -42623.780867798036, error: 0.9999991629413015
i= 8700
Epoch 8700, loss: -43612.53777845159, error: 0.9999995738111541
i= 8800
Epoch 8800, loss: -46275.58684442025, error: 0.9999997263557444
i= 8900
Epoch 8900, loss: -46514.265340709055, error: 0.9999996294424139
i= 9000
Epoch 9000, loss: -47272.77205278537, error: 0.9999997384788475
i= 9100
Epoch 9100, loss: -48845.615192887366, error: 0.9999997463152213
i= 9200
Epoch 9200, loss: -46554.94577593192, error: 0.9999997038220098
i= 9300
Epoch 9300, loss: -48304.53996958379, error: 0.9999996959193473
i= 9400
Epoch 9400, loss: -49515.39693763286, error: 0.9999997366750739
i= 9500
Epoch 9500, loss: -52911.821205372544, error: 0.9999997616907984
i= 9600
Epoch 9600, loss: -51083.104424040845, error: 0.9999997712200331
i= 9700
Epoch 9700, loss: -47277.424499944005, error: 0.9999997125943092
i= 9800
Epoch 9800, loss: -49596.73283943192, error: 0.9999997533047638
i= 9900
Epoch 9900, loss: -51581.81886359923, error: 0.9999993440669578
i= 10000
Epoch 10000, loss: -52284.044266069905, error: 0.9999997745180449
2025-10-11 21:53:34.452863: I tensorflow/core/util/port.cc:153] oneDNN custom operations are on. You may see slightly different numerical results due to floating-point round-off errors from different computation orders. To turn them off, set the environment variable `TF_ENABLE_ONEDNN_OPTS=0`.
2025-10-11 21:53:34.493069: I tensorflow/core/platform/cpu_feature_guard.cc:210] This TensorFlow binary is optimized to use available CPU instructions in performance-critical operations.
To enable the following instructions: AVX2 AVX512F AVX512_VNNI AVX512_BF16 AVX512_FP16 AVX_VNNI AMX_TILE AMX_INT8 AMX_BF16 FMA, in other operations, rebuild TensorFlow with the appropriate compiler flags.
2025-10-11 21:53:35.332607: I tensorflow/core/util/port.cc:153] oneDNN custom operations are on. You may see slightly different numerical results due to floating-point round-off errors from different computation orders. To turn them off, set the environment variable `TF_ENABLE_ONEDNN_OPTS=0`.
WARNING: All log messages before absl::InitializeLog() is called are written to STDERR
I0000 00:00:1760190816.058913 2901420 gpu_device.cc:2020] Created device /job:localhost/replica:0/task:0/device:GPU:0 with 43505 MB memory:  -> device: 0, name: NVIDIA L40, pci bus id: 0000:8a:00.0, compute capability: 8.9
/home/ET/thhu/plaplace/Example4/plaplace1.py:455: OptimizeWarning: Unknown solver options: method_bfgs, initial_scale
  result = minimize(loss_and_gradient, initial_weights,
/home/ET/thhu/plaplace/Example4/plaplace1.py:455: OptimizeWarning: Unknown solver options: method_bfgs, initial_scale
  result = minimize(loss_and_gradient, initial_weights,
i= 100
Epoch 100, loss: 0.11231108296764133
i= 200
Epoch 200, loss: 0.02845737459740104
i= 300
Epoch 300, loss: 0.01281060980841028
i= 400
Epoch 400, loss: 0.0065264700865112464
i= 500
Epoch 500, loss: 0.0013636599149007078
i= 600
Epoch 600, loss: 0.001349860915771363
i= 700
Epoch 700, loss: 0.0003798757886004529
i= 800
Epoch 800, loss: 0.0005400164910629459
i= 900
Epoch 900, loss: 0.0002758695620981746
i= 1000
Epoch 1000, loss: 0.0001523229220317852
8.119322410314493e-05 1
1.3249774253932433e-08 1000
3.810392720522962e-09 2000
1.1284377574149355e-09 3000
8.284203355620075e-10 4000
5.980975348355252e-10 5000
4.72888823164892e-10 6000
3.960190276165719e-10 7000
3.449552440898508e-10 8000
2.781599187008817e-10 9000
2.45761585652228e-10 10000
2025-10-11 22:06:36.686945: I tensorflow/core/util/port.cc:153] oneDNN custom operations are on. You may see slightly different numerical results due to floating-point round-off errors from different computation orders. To turn them off, set the environment variable `TF_ENABLE_ONEDNN_OPTS=0`.
2025-10-11 22:06:36.729057: I tensorflow/core/platform/cpu_feature_guard.cc:210] This TensorFlow binary is optimized to use available CPU instructions in performance-critical operations.
To enable the following instructions: AVX2 AVX512F AVX512_VNNI AVX512_BF16 AVX512_FP16 AVX_VNNI AMX_TILE AMX_INT8 AMX_BF16 FMA, in other operations, rebuild TensorFlow with the appropriate compiler flags.
2025-10-11 22:06:37.572583: I tensorflow/core/util/port.cc:153] oneDNN custom operations are on. You may see slightly different numerical results due to floating-point round-off errors from different computation orders. To turn them off, set the environment variable `TF_ENABLE_ONEDNN_OPTS=0`.
WARNING: All log messages before absl::InitializeLog() is called are written to STDERR
I0000 00:00:1760191598.381333 2910928 gpu_device.cc:2020] Created device /job:localhost/replica:0/task:0/device:GPU:0 with 43505 MB memory:  -> device: 0, name: NVIDIA L40, pci bus id: 0000:8a:00.0, compute capability: 8.9
/home/ET/thhu/nn/lib/python3.12/site-packages/keras/src/optimizers/base_optimizer.py:857: UserWarning: Gradients do not exist for variables ['dense_3/bias'] when minimizing the loss. If using `model.compile()`, did you forget to provide a `loss` argument?
  warnings.warn(
i= 100
Epoch 100, loss: -7.4654968290607915, error: 0.0020462670929222637
i= 200
Epoch 200, loss: -7.507264716162961, error: 0.000891243587275434
i= 300
Epoch 300, loss: -7.510625270342111, error: 0.0012672789874675363
i= 400
Epoch 400, loss: -7.4798396434782095, error: 0.00040118286600564245
i= 500
Epoch 500, loss: -7.523179194537621, error: 0.00022214701748245633
i= 600
Epoch 600, loss: -7.520401708005318, error: 0.00018554101051384384
i= 700
Epoch 700, loss: -7.517226884672984, error: 0.0001220345895446316
i= 800
Epoch 800, loss: -7.523396316827896, error: 8.082062644333379e-05
i= 900
Epoch 900, loss: -7.504898995198248, error: 6.117210201010504e-05
i= 1000
Epoch 1000, loss: -7.494308336889897, error: 4.3474278590693e-05
i= 1100
Epoch 1100, loss: -7.46920082972639, error: 3.2210622109847576e-05
i= 1200
Epoch 1200, loss: -7.5021035381724985, error: 2.2392139863073632e-05
i= 1300
Epoch 1300, loss: -7.541367868666589, error: 1.554605831864331e-05
i= 1400
Epoch 1400, loss: -7.544418185998567, error: 1.091912807918496e-05
i= 1500
Epoch 1500, loss: -7.531667815393901, error: 7.767502274617037e-06
i= 1600
Epoch 1600, loss: -7.4999227713207395, error: 5.607201170955264e-06
i= 1700
Epoch 1700, loss: -7.498363802194429, error: 3.982770200989414e-06
i= 1800
Epoch 1800, loss: -7.527279928467633, error: 2.8329029863884604e-06
i= 1900
Epoch 1900, loss: -7.527805624485903, error: 2.0196046020708065e-06
i= 2000
Epoch 2000, loss: -7.492128303316766, error: 1.4823084280294959e-06
i= 2100
Epoch 2100, loss: -7.5111997724013175, error: 1.0824491282483798e-06
i= 2200
Epoch 2200, loss: -7.4917808983576695, error: 8.278023582772989e-07
i= 2300
Epoch 2300, loss: -7.522503910037806, error: 6.405642338442672e-07
i= 2400
Epoch 2400, loss: -7.5207042238511, error: 5.010886007285533e-07
i= 2500
Epoch 2500, loss: -7.511245402981442, error: 4.054124203660047e-07
i= 2600
Epoch 2600, loss: -7.543562785301701, error: 3.3933812985939006e-07
i= 2700
Epoch 2700, loss: -7.491354017137742, error: 2.8732422255797297e-07
i= 2800
Epoch 2800, loss: -7.552124777269073, error: 2.5457865124864565e-07
i= 2900
Epoch 2900, loss: -7.504776295264665, error: 2.2485438924380853e-07
i= 3000
Epoch 3000, loss: -7.5138670327242965, error: 2.001237518601841e-07
i= 3100
Epoch 3100, loss: -7.492711681845954, error: 1.821294056853371e-07
i= 3200
Epoch 3200, loss: -7.490280567210146, error: 1.6775547618881366e-07
i= 3300
Epoch 3300, loss: -7.524760880526889, error: 1.5507362611955134e-07
i= 3400
Epoch 3400, loss: -7.480460894387288, error: 1.4552003433641352e-07
i= 3500
Epoch 3500, loss: -7.505450883841573, error: 1.3727340943731084e-07
i= 3600
Epoch 3600, loss: -7.519309681620076, error: 1.288389096339948e-07
i= 3700
Epoch 3700, loss: -7.530061328310672, error: 1.2224848653288715e-07
i= 3800
Epoch 3800, loss: -7.5038051770286485, error: 1.1536300098084074e-07
i= 3900
Epoch 3900, loss: -7.4967067643006615, error: 1.0995004961648963e-07
i= 4000
Epoch 4000, loss: -7.503175312604381, error: 1.0627883902605568e-07
i= 4100
Epoch 4100, loss: -7.515195083444208, error: 1.00272739243856e-07
i= 4200
Epoch 4200, loss: -7.534557107720233, error: 9.504404937706023e-08
i= 4300
Epoch 4300, loss: -7.519976119766495, error: 9.200954764662555e-08
i= 4400
Epoch 4400, loss: -7.49583537357472, error: 8.740567546358973e-08
i= 4500
Epoch 4500, loss: -7.511783796288152, error: 8.321284877973317e-08
i= 4600
Epoch 4600, loss: -7.5100527910161405, error: 8.168134671966655e-08
i= 4700
Epoch 4700, loss: -7.558695779266532, error: 7.672522825056236e-08
i= 4800
Epoch 4800, loss: -7.504920424990645, error: 7.580339887967812e-08
i= 4900
Epoch 4900, loss: -7.534068627680521, error: 7.203334928616516e-08
i= 5000
Epoch 5000, loss: -7.539776208336055, error: 6.81302251806426e-08
i= 5100
Epoch 5100, loss: -7.4978541357636725, error: 6.639852643646354e-08
i= 5200
Epoch 5200, loss: -7.5032196456067695, error: 6.392996916743292e-08
i= 5300
Epoch 5300, loss: -7.528160373016094, error: 5.969705792841112e-08
i= 5400
Epoch 5400, loss: -7.505547023767097, error: 5.77149603663041e-08
i= 5500
Epoch 5500, loss: -7.527282897926913, error: 5.5737800854752926e-08
i= 5600
Epoch 5600, loss: -7.527987580802274, error: 5.332351338371678e-08
i= 5700
Epoch 5700, loss: -7.53839447488061, error: 5.086997834018964e-08
i= 5800
Epoch 5800, loss: -7.508521762841397, error: 4.8201371676931915e-08
i= 5900
Epoch 5900, loss: -7.523570326183702, error: 4.729437182783205e-08
i= 6000
Epoch 6000, loss: -7.4832488471276575, error: 4.455691253771056e-08
i= 6100
Epoch 6100, loss: -7.5164337148371105, error: 4.346771001169697e-08
i= 6200
Epoch 6200, loss: -7.4830199978945515, error: 4.1149887015601104e-08
i= 6300
Epoch 6300, loss: -7.491284095589294, error: 3.978409850432436e-08
i= 6400
Epoch 6400, loss: -7.505887771878768, error: 3.6888983088019996e-08
i= 6500
Epoch 6500, loss: -7.5113460367064055, error: 3.536465356051695e-08
i= 6600
Epoch 6600, loss: -7.527862643061267, error: 3.4266324925623815e-08
i= 6700
Epoch 6700, loss: -7.511643163601477, error: 3.319635558109263e-08
i= 6800
Epoch 6800, loss: -7.543168214805586, error: 3.099303814197918e-08
i= 6900
Epoch 6900, loss: -7.506767621055477, error: 2.9578695656292544e-08
i= 7000
Epoch 7000, loss: -7.5056029340111765, error: 2.831466512359022e-08
i= 7100
Epoch 7100, loss: -7.544130614279246, error: 2.7579321829525466e-08
i= 7200
Epoch 7200, loss: -7.517073541494666, error: 2.6542724005740957e-08
i= 7300
Epoch 7300, loss: -7.509812582506639, error: 2.441481273167858e-08
i= 7400
Epoch 7400, loss: -7.555467646149437, error: 2.417402876215229e-08
i= 7500
Epoch 7500, loss: -7.519659880632474, error: 2.2750141069880262e-08
i= 7600
Epoch 7600, loss: -7.511583044338164, error: 2.2028940363154466e-08
i= 7700
Epoch 7700, loss: -7.5249345549284214, error: 2.092234471141049e-08
i= 7800
Epoch 7800, loss: -7.509134708595459, error: 2.0449809492197862e-08
i= 7900
Epoch 7900, loss: -7.523488098060898, error: 1.955342090844734e-08
i= 8000
Epoch 8000, loss: -7.5059334614519555, error: 1.8750106715933965e-08
i= 8100
Epoch 8100, loss: -7.511756072368101, error: 1.839867299004009e-08
i= 8200
Epoch 8200, loss: -7.478624647553694, error: 1.7324166196623595e-08
i= 8300
Epoch 8300, loss: -7.526512564207807, error: 1.6598501472534858e-08
i= 8400
Epoch 8400, loss: -7.492296536659072, error: 1.6164498262496382e-08
i= 8500
Epoch 8500, loss: -7.517929735170084, error: 1.5143175538909663e-08
i= 8600
Epoch 8600, loss: -7.483748524547088, error: 1.5319568778712774e-08
i= 8700
Epoch 8700, loss: -7.485256241905209, error: 1.6277618585448992e-08
i= 8800
Epoch 8800, loss: -7.480997477434045, error: 1.4290557489767222e-08
i= 8900
Epoch 8900, loss: -7.50493033823266, error: 1.3065799365050319e-08
i= 9000
Epoch 9000, loss: -7.5258605421555895, error: 1.2869668451801219e-08
i= 9100
Epoch 9100, loss: -7.517536537431048, error: 1.2264770089609181e-08
i= 9200
Epoch 9200, loss: -7.522110423809969, error: 1.5302418894989453e-08
i= 9300
Epoch 9300, loss: -7.50392403960388, error: 1.1309910142589787e-08
i= 9400
Epoch 9400, loss: -7.519033205371797, error: 1.130990379570971e-08
i= 9500
Epoch 9500, loss: -7.518237825327889, error: 1.8263227333387492e-08
i= 9600
Epoch 9600, loss: -7.513590657528434, error: 4.15071259156759e-08
i= 9700
Epoch 9700, loss: -7.503936939772931, error: 2.46869806322179e-08
i= 9800
Epoch 9800, loss: -7.520815642064159, error: 1.6029037004945745e-08
i= 9900
Epoch 9900, loss: -7.536349766918102, error: 1.1663333072480431e-08
i= 10000
Epoch 10000, loss: -7.51699580422063, error: 1.4295732301911666e-08
2025-10-12 10:07:32.497177: I tensorflow/core/util/port.cc:153] oneDNN custom operations are on. You may see slightly different numerical results due to floating-point round-off errors from different computation orders. To turn them off, set the environment variable `TF_ENABLE_ONEDNN_OPTS=0`.
2025-10-12 10:07:32.536910: I tensorflow/core/platform/cpu_feature_guard.cc:210] This TensorFlow binary is optimized to use available CPU instructions in performance-critical operations.
To enable the following instructions: AVX2 AVX512F AVX512_VNNI AVX512_BF16 AVX512_FP16 AVX_VNNI AMX_TILE AMX_INT8 AMX_BF16 FMA, in other operations, rebuild TensorFlow with the appropriate compiler flags.
2025-10-12 10:07:33.384627: I tensorflow/core/util/port.cc:153] oneDNN custom operations are on. You may see slightly different numerical results due to floating-point round-off errors from different computation orders. To turn them off, set the environment variable `TF_ENABLE_ONEDNN_OPTS=0`.
WARNING: All log messages before absl::InitializeLog() is called are written to STDERR
I0000 00:00:1760234854.190847 3417370 gpu_device.cc:2020] Created device /job:localhost/replica:0/task:0/device:GPU:0 with 43505 MB memory:  -> device: 0, name: NVIDIA L40, pci bus id: 0000:8a:00.0, compute capability: 8.9
/home/ET/thhu/nn/lib/python3.12/site-packages/keras/src/optimizers/base_optimizer.py:857: UserWarning: Gradients do not exist for variables ['dense_3/bias'] when minimizing the loss. If using `model.compile()`, did you forget to provide a `loss` argument?
  warnings.warn(
i= 100
Epoch 100, loss: -5.920994815279285, error: 0.24659868821834444
i= 200
Epoch 200, loss: -5.984278448947862, error: 0.1262157929936332
i= 300
Epoch 300, loss: -6.028032599995239, error: 0.15470507442718454
i= 400
Epoch 400, loss: -6.000251993476155, error: 0.15294346953443355
i= 500
Epoch 500, loss: -6.035205013963338, error: 0.1715761445983684
i= 600
Epoch 600, loss: -6.032347167028398, error: 0.16428036820376046
i= 700
Epoch 700, loss: -6.031187703662164, error: 0.1649930750333594
i= 800
Epoch 800, loss: -6.032861423606072, error: 0.16312889641598707
i= 900
Epoch 900, loss: -6.0186047531208064, error: 0.16453232925006
i= 1000
Epoch 1000, loss: -6.008908948427753, error: 0.16319520343455193
i= 1100
Epoch 1100, loss: -5.989851419266062, error: 0.16370776311196286
i= 1200
Epoch 1200, loss: -6.0153807786064135, error: 0.16310346219526023
i= 1300
Epoch 1300, loss: -6.048943529351503, error: 0.16309067558614396
i= 1400
Epoch 1400, loss: -6.05002008575695, error: 0.16278649887420082
i= 1500
Epoch 1500, loss: -6.041385172153873, error: 0.1632088549986847
i= 1600
Epoch 1600, loss: -6.015080299514279, error: 0.16296374312546089
i= 1700
Epoch 1700, loss: -6.013738777068868, error: 0.1629690238886073
i= 1800
Epoch 1800, loss: -6.038018152646081, error: 0.1630327861676814
i= 1900
Epoch 1900, loss: -6.036900869502503, error: 0.1629511440280759
i= 2000
Epoch 2000, loss: -6.00995314244693, error: 0.16282779499004796
i= 2100
Epoch 2100, loss: -6.024103760860316, error: 0.16296073115461396
i= 2200
Epoch 2200, loss: -6.007783835194431, error: 0.16295754454882558
i= 2300
Epoch 2300, loss: -6.035273299807692, error: 0.1629695638962389
i= 2400
Epoch 2400, loss: -6.031015581634133, error: 0.16279761786785407
i= 2500
Epoch 2500, loss: -6.023639548527626, error: 0.1627319999640735
i= 2600
Epoch 2600, loss: -6.051419876359137, error: 0.16298338676123
i= 2700
Epoch 2700, loss: -6.007858963549667, error: 0.16314564483846808
i= 2800
Epoch 2800, loss: -6.058493656381916, error: 0.16288245280212799
i= 2900
Epoch 2900, loss: -6.019900786838438, error: 0.16325371076195258
i= 3000
Epoch 3000, loss: -6.026507115087593, error: 0.16296076530671588
i= 3100
Epoch 3100, loss: -6.008548495056283, error: 0.16301625478463272
i= 3200
Epoch 3200, loss: -6.00786172548916, error: 0.16298305456085
i= 3300
Epoch 3300, loss: -6.035727700054615, error: 0.16257634045627237
i= 3400
Epoch 3400, loss: -5.999879562865378, error: 0.1631749121173207
i= 3500
Epoch 3500, loss: -6.019696667719796, error: 0.16248205472022192
i= 3600
Epoch 3600, loss: -6.031279053304315, error: 0.1630359687267481
i= 3700
Epoch 3700, loss: -6.039081083862808, error: 0.1626816244169018
i= 3800
Epoch 3800, loss: -6.018539536404202, error: 0.16265912909989633
i= 3900
Epoch 3900, loss: -6.01362858779884, error: 0.16246826610273896
i= 4000
Epoch 4000, loss: -6.016307963684406, error: 0.16277984243059496
i= 4100
Epoch 4100, loss: -6.0282266333580345, error: 0.16277535648157254
i= 4200
Epoch 4200, loss: -6.044808355143934, error: 0.16317243254268135
i= 4300
Epoch 4300, loss: -6.031727060270729, error: 0.1634579882019239
i= 4400
Epoch 4400, loss: -6.011895845681799, error: 0.16314791352904623
i= 4500
Epoch 4500, loss: -6.025408548186565, error: 0.16269612533669495
i= 4600
Epoch 4600, loss: -6.023658071991703, error: 0.16309904320579408
i= 4700
Epoch 4700, loss: -6.064097753591693, error: 0.16324044687549571
i= 4800
Epoch 4800, loss: -6.020414453267691, error: 0.16340026503780905
i= 4900
Epoch 4900, loss: -6.04434814409965, error: 0.16223403389507304
i= 5000
Epoch 5000, loss: -6.047809521063401, error: 0.16357240787945404
i= 5100
Epoch 5100, loss: -6.013249694392582, error: 0.1623707863029471
i= 5200
Epoch 5200, loss: -6.017793991133763, error: 0.16260140712917012
i= 5300
Epoch 5300, loss: -6.039149950962017, error: 0.16377781873558858
i= 5400
Epoch 5400, loss: -6.019696560170155, error: 0.16327047042012727
i= 5500
Epoch 5500, loss: -6.038148080219623, error: 0.1627928913409251
i= 5600
Epoch 5600, loss: -6.0394239735770014, error: 0.16303060786062457
i= 5700
Epoch 5700, loss: -6.047670738885286, error: 0.1627586220873361
i= 5800
Epoch 5800, loss: -6.022492103839081, error: 0.16372414953241837
i= 5900
Epoch 5900, loss: -6.035489110002114, error: 0.1637976534418411
i= 6000
Epoch 6000, loss: -6.00151039926576, error: 0.16316857287045508
i= 6100
Epoch 6100, loss: -6.03013300282724, error: 0.163077142942498
i= 6200
Epoch 6200, loss: -6.00255702030182, error: 0.16311956981310552
i= 6300
Epoch 6300, loss: -6.008152604611398, error: 0.16344436825343409
i= 6400
Epoch 6400, loss: -6.020083471468312, error: 0.1626201894337997
i= 6500
Epoch 6500, loss: -6.026236813218034, error: 0.1627859277340922
i= 6600
Epoch 6600, loss: -6.039542716536016, error: 0.1618648715120047
i= 6700
Epoch 6700, loss: -6.025093969165141, error: 0.16394879742371707
i= 6800
Epoch 6800, loss: -6.052258282666623, error: 0.16300608076847645
i= 6900
Epoch 6900, loss: -6.02103456684746, error: 0.16277684002170476
i= 7000
Epoch 7000, loss: -6.020558560578052, error: 0.1634188678067737
i= 7100
Epoch 7100, loss: -6.053042629955064, error: 0.16354182089942146
i= 7200
Epoch 7200, loss: -6.028019125031808, error: 0.16360908825274492
i= 7300
Epoch 7300, loss: -6.024748628926243, error: 0.16370584420910855
i= 7400
Epoch 7400, loss: -6.064070386590784, error: 0.16267033919808507
i= 7500
Epoch 7500, loss: -6.033434560773335, error: 0.16247705698250506
i= 7600
Epoch 7600, loss: -6.025801482502351, error: 0.1628543882785086
i= 7700
Epoch 7700, loss: -6.037407757879318, error: 0.16308684721119976
i= 7800
Epoch 7800, loss: -6.024928840482568, error: 0.16185585750188997
i= 7900
Epoch 7900, loss: -6.035032640212328, error: 0.16157475626941198
i= 8000
Epoch 8000, loss: -6.022334464607059, error: 0.1636146389197813
i= 8100
Epoch 8100, loss: -6.025491696236778, error: 0.16209449096860395
i= 8200
Epoch 8200, loss: -5.99894399621015, error: 0.1629431529870137
i= 8300
Epoch 8300, loss: -6.037270130135953, error: 0.1626166528991794
i= 8400
Epoch 8400, loss: -6.009489077462487, error: 0.16142852915282208
i= 8500
Epoch 8500, loss: -6.029387367848614, error: 0.16097936910347935
i= 8600
Epoch 8600, loss: -6.002774168224727, error: 0.16277822687148907
i= 8700
Epoch 8700, loss: -6.0029626799415094, error: 0.16374174515021456
i= 8800
Epoch 8800, loss: -5.999452921244092, error: 0.16315979038448555
i= 8900
Epoch 8900, loss: -6.020580760550237, error: 0.16301411277101024
i= 9000
Epoch 9000, loss: -6.036613080182406, error: 0.16297125225380205
i= 9100
Epoch 9100, loss: -6.030099544782308, error: 0.16220534707083797
i= 9200
Epoch 9200, loss: -6.033177280061765, error: 0.1622664588266745
i= 9300
Epoch 9300, loss: -6.018841740520116, error: 0.16349657877754814
i= 9400
Epoch 9400, loss: -6.0301180116542845, error: 0.16312255046834992
i= 9500
Epoch 9500, loss: -6.032107653746098, error: 0.1634787229786456
i= 9600
Epoch 9600, loss: -6.028285782306932, error: 0.16385764571159472
i= 9700
Epoch 9700, loss: -6.017416478493141, error: 0.16437220510465
i= 9800
Epoch 9800, loss: -6.0337287954347865, error: 0.16176311423551243
i= 9900
Epoch 9900, loss: -6.047080516298708, error: 0.16371183589775154
i= 10000
Epoch 10000, loss: -6.028605791072961, error: 0.16341947136093873
2025-10-12 10:18:55.587795: I tensorflow/core/util/port.cc:153] oneDNN custom operations are on. You may see slightly different numerical results due to floating-point round-off errors from different computation orders. To turn them off, set the environment variable `TF_ENABLE_ONEDNN_OPTS=0`.
2025-10-12 10:18:55.627832: I tensorflow/core/platform/cpu_feature_guard.cc:210] This TensorFlow binary is optimized to use available CPU instructions in performance-critical operations.
To enable the following instructions: AVX2 AVX512F AVX512_VNNI AVX512_BF16 AVX512_FP16 AVX_VNNI AMX_TILE AMX_INT8 AMX_BF16 FMA, in other operations, rebuild TensorFlow with the appropriate compiler flags.
2025-10-12 10:18:56.472679: I tensorflow/core/util/port.cc:153] oneDNN custom operations are on. You may see slightly different numerical results due to floating-point round-off errors from different computation orders. To turn them off, set the environment variable `TF_ENABLE_ONEDNN_OPTS=0`.
WARNING: All log messages before absl::InitializeLog() is called are written to STDERR
I0000 00:00:1760235537.291479 3425732 gpu_device.cc:2020] Created device /job:localhost/replica:0/task:0/device:GPU:0 with 43505 MB memory:  -> device: 0, name: NVIDIA L40, pci bus id: 0000:8a:00.0, compute capability: 8.9
/home/ET/thhu/nn/lib/python3.12/site-packages/keras/src/optimizers/base_optimizer.py:857: UserWarning: Gradients do not exist for variables ['dense_3/bias'] when minimizing the loss. If using `model.compile()`, did you forget to provide a `loss` argument?
  warnings.warn(
i= 100
Epoch 100, loss: -23.319837089903125, error: 0.0014848819815015417
i= 200
Epoch 200, loss: -23.915135582306487, error: 0.0001263935981789831
i= 300
Epoch 300, loss: -23.995700035914417, error: 5.4892521792081496e-05
i= 400
Epoch 400, loss: -23.96843801411262, error: 1.9342501174962776e-05
i= 500
Epoch 500, loss: -24.04662759203365, error: 6.714952391690425e-06
i= 600
Epoch 600, loss: -24.054040328099177, error: 4.955442521653496e-06
i= 700
Epoch 700, loss: -24.003619705921857, error: 2.116005837392057e-06
i= 800
Epoch 800, loss: -24.105282600749636, error: 9.086069951019616e-07
i= 900
Epoch 900, loss: -24.036949517048406, error: 3.955752916864298e-07
i= 1000
Epoch 1000, loss: -24.04417124328097, error: 1.856990127775746e-07
i= 1100
Epoch 1100, loss: -23.930977802566886, error: 9.94934783810667e-08
i= 1200
Epoch 1200, loss: -24.033013706466512, error: 6.900619469540924e-08
i= 1300
Epoch 1300, loss: -24.07696773108997, error: 5.514168055179748e-08
i= 1400
Epoch 1400, loss: -24.15581139231289, error: 4.15355131186318e-08
i= 1500
Epoch 1500, loss: -24.05246904934532, error: 3.2701012845420177e-08
i= 1600
Epoch 1600, loss: -23.993582746032665, error: 2.554843809524071e-08
i= 1700
Epoch 1700, loss: -24.01455878525401, error: 2.0677945598524125e-08
i= 1800
Epoch 1800, loss: -24.03263638856118, error: 1.7400302952664524e-08
i= 1900
Epoch 1900, loss: -24.09612212409113, error: 1.4617448373377409e-08
i= 2000
Epoch 2000, loss: -23.95776853163226, error: 1.1584663846300139e-08
i= 2100
Epoch 2100, loss: -24.04534298688629, error: 9.756850588217189e-09
i= 2200
Epoch 2200, loss: -24.010650132289015, error: 8.141349730687531e-09
i= 2300
Epoch 2300, loss: -24.007728783957916, error: 6.883704216727773e-09
i= 2400
Epoch 2400, loss: -24.074872162335776, error: 5.6688038632301e-09
i= 2500
Epoch 2500, loss: -24.05841505716811, error: 4.792087346458899e-09
i= 2600
Epoch 2600, loss: -24.101751646693646, error: 3.990352477149306e-09
i= 2700
Epoch 2700, loss: -23.992865822178274, error: 3.3215829199983868e-09
i= 2800
Epoch 2800, loss: -24.11995880520437, error: 2.845824603457429e-09
i= 2900
Epoch 2900, loss: -23.996697732182213, error: 2.4086355406023158e-09
i= 3000
Epoch 3000, loss: -24.029872305108782, error: 2.0938871695315073e-09
i= 3100
Epoch 3100, loss: -24.00904483568554, error: 1.794398515036554e-09
i= 3200
Epoch 3200, loss: -23.982099153448207, error: 1.539562981761006e-09
i= 3300
Epoch 3300, loss: -24.051411213506054, error: 1.383334874641923e-09
i= 3400
Epoch 3400, loss: -23.954229548713506, error: 1.243064235695661e-09
i= 3500
Epoch 3500, loss: -24.041797913074348, error: 1.0971984820870887e-09
i= 3600
Epoch 3600, loss: -24.062543653507642, error: 9.843001801187995e-10
i= 3700
Epoch 3700, loss: -24.097044882524575, error: 8.712655090277501e-10
i= 3800
Epoch 3800, loss: -24.02720960170197, error: 7.993258334570969e-10
i= 3900
Epoch 3900, loss: -23.967444952451206, error: 7.501920214530398e-10
i= 4000
Epoch 4000, loss: -24.056206536705783, error: 6.758575881913086e-10
i= 4100
Epoch 4100, loss: -24.028699318906746, error: 6.259131812029559e-10
i= 4200
Epoch 4200, loss: -24.061684366898838, error: 5.729092907897376e-10
i= 4300
Epoch 4300, loss: -24.065819434788434, error: 5.322739581192255e-10
i= 4400
Epoch 4400, loss: -23.987444098072935, error: 4.833398745450369e-10
i= 4500
Epoch 4500, loss: -24.04557494827316, error: 4.606049858641859e-10
i= 4600
Epoch 4600, loss: -24.036722008335914, error: 4.1784051664870046e-10
i= 4700
Epoch 4700, loss: -24.120022362816783, error: 3.890284161598541e-10
i= 4800
Epoch 4800, loss: -23.97383774115206, error: 3.551918308636614e-10
i= 4900
Epoch 4900, loss: -24.056310681712816, error: 3.2945929013956637e-10
i= 5000
Epoch 5000, loss: -24.099242283472442, error: 3.2006560392634586e-10
i= 5100
Epoch 5100, loss: -24.025389185359195, error: 2.8089055919202395e-10
i= 5200
Epoch 5200, loss: -24.03161787440221, error: 2.6605229614218884e-10
i= 5300
Epoch 5300, loss: -24.063531679138993, error: 2.486838604063646e-10
i= 5400
Epoch 5400, loss: -24.018804818415347, error: 2.304848052723833e-10
i= 5500
Epoch 5500, loss: -24.068235412783594, error: 2.089354245129539e-10
i= 5600
Epoch 5600, loss: -24.045351129016503, error: 1.92133645812133e-10
i= 5700
Epoch 5700, loss: -24.066613134459683, error: 1.8059721425201537e-10
i= 5800
Epoch 5800, loss: -24.026307030411587, error: 1.622637581517101e-10
i= 5900
Epoch 5900, loss: -24.03299127563058, error: 1.6703062850732387e-10
i= 6000
Epoch 6000, loss: -23.98004516781856, error: 1.4925449617486424e-10
i= 6100
Epoch 6100, loss: -24.02610057739807, error: 1.314019645028971e-10
i= 6200
Epoch 6200, loss: -23.946829708773528, error: 1.3471157619711344e-10
i= 6300
Epoch 6300, loss: -24.003064571668155, error: 1.1494513950269515e-10
i= 6400
Epoch 6400, loss: -24.04472570345679, error: 1.0653832638028895e-10
i= 6500
Epoch 6500, loss: -24.006153639628835, error: 9.887870252475009e-11
i= 6600
Epoch 6600, loss: -24.05654119586774, error: 9.175011194048198e-11
i= 6700
Epoch 6700, loss: -24.037422299270133, error: 8.362899824966225e-11
i= 6800
Epoch 6800, loss: -24.07140911450943, error: 8.38447044212726e-11
i= 6900
Epoch 6900, loss: -24.02746123023663, error: 7.047770612112514e-11
i= 7000
Epoch 7000, loss: -24.011430092199422, error: 6.668886501378899e-11
i= 7100
Epoch 7100, loss: -24.079338316647664, error: 6.506238693768797e-11
i= 7200
Epoch 7200, loss: -24.104154615466, error: 6.375774080800513e-11
i= 7300
Epoch 7300, loss: -24.005988863146655, error: 5.500470830492781e-11
i= 7400
Epoch 7400, loss: -24.043020828589807, error: 5.246352341253078e-11
i= 7500
Epoch 7500, loss: -24.019841596715924, error: 4.676651284997218e-11
i= 7600
Epoch 7600, loss: -24.045719592432533, error: 4.4054706407314146e-11
i= 7700
Epoch 7700, loss: -24.03657081011677, error: 4.8317668760078576e-11
i= 7800
Epoch 7800, loss: -23.965249030710595, error: 4.07704592668293e-11
i= 7900
Epoch 7900, loss: -24.03638404976695, error: 4.307311125366665e-11
i= 8000
Epoch 8000, loss: -23.970611482705944, error: 3.324934968140337e-11
i= 8100
Epoch 8100, loss: -24.053891365139776, error: 3.319028273638249e-11
i= 8200
Epoch 8200, loss: -23.945048573883003, error: 2.8660374683098236e-11
i= 8300
Epoch 8300, loss: -24.104142238471432, error: 2.630280878295287e-11
i= 8400
Epoch 8400, loss: -24.00126785033964, error: 2.5977408474292232e-11
i= 8500
Epoch 8500, loss: -24.086036423124526, error: 2.7529967428840746e-11
i= 8600
Epoch 8600, loss: -23.98153422497787, error: 2.6378846747697845e-11
i= 8700
Epoch 8700, loss: -23.999339295562187, error: 1.9695743108808917e-11
i= 8800
Epoch 8800, loss: -24.00117894462296, error: 2.3887214478344947e-11
i= 8900
Epoch 8900, loss: -24.010162930307377, error: 1.92023023858537e-11
i= 9000
Epoch 9000, loss: -24.103749002606456, error: 1.6444815121584045e-11
i= 9100
Epoch 9100, loss: -24.056493128063916, error: 1.5038481028455426e-11
i= 9200
Epoch 9200, loss: -24.08497609667174, error: 1.506452421440868e-11
i= 9300
Epoch 9300, loss: -24.029559242654674, error: 1.2757102187624484e-11
i= 9400
Epoch 9400, loss: -24.090873284975302, error: 2.530767415370205e-11
i= 9500
Epoch 9500, loss: -24.02534648293493, error: 2.0335691724645913e-11
i= 9600
Epoch 9600, loss: -24.026164597110167, error: 1.561739658094578e-11
i= 9700
Epoch 9700, loss: -24.076365302602007, error: 1.0620253073709586e-11
i= 9800
Epoch 9800, loss: -24.032565993246244, error: 1.2160769986636784e-11
i= 9900
Epoch 9900, loss: -24.07336534993076, error: 9.783833252001961e-12
i= 10000
Epoch 10000, loss: -24.085150255989994, error: 1.7356646809720834e-11
2025-10-12 10:29:23.170933: I tensorflow/core/util/port.cc:153] oneDNN custom operations are on. You may see slightly different numerical results due to floating-point round-off errors from different computation orders. To turn them off, set the environment variable `TF_ENABLE_ONEDNN_OPTS=0`.
2025-10-12 10:29:23.211498: I tensorflow/core/platform/cpu_feature_guard.cc:210] This TensorFlow binary is optimized to use available CPU instructions in performance-critical operations.
To enable the following instructions: AVX2 AVX512F AVX512_VNNI AVX512_BF16 AVX512_FP16 AVX_VNNI AMX_TILE AMX_INT8 AMX_BF16 FMA, in other operations, rebuild TensorFlow with the appropriate compiler flags.
2025-10-12 10:29:24.058843: I tensorflow/core/util/port.cc:153] oneDNN custom operations are on. You may see slightly different numerical results due to floating-point round-off errors from different computation orders. To turn them off, set the environment variable `TF_ENABLE_ONEDNN_OPTS=0`.
WARNING: All log messages before absl::InitializeLog() is called are written to STDERR
I0000 00:00:1760236164.873434 3433448 gpu_device.cc:2020] Created device /job:localhost/replica:0/task:0/device:GPU:0 with 43505 MB memory:  -> device: 0, name: NVIDIA L40, pci bus id: 0000:8a:00.0, compute capability: 8.9
/home/ET/thhu/nn/lib/python3.12/site-packages/keras/src/optimizers/base_optimizer.py:857: UserWarning: Gradients do not exist for variables ['dense_3/bias'] when minimizing the loss. If using `model.compile()`, did you forget to provide a `loss` argument?
  warnings.warn(
i= 100
Epoch 100, loss: -78.88843979194957, error: 0.10304535476701063
i= 200
Epoch 200, loss: -82.1623383339094, error: 0.061557129573971844
i= 300
Epoch 300, loss: -97.48320111608422, error: 0.209096196149529
i= 400
Epoch 400, loss: -136.68340353910517, error: 0.48073260398841894
i= 500
Epoch 500, loss: -245.9411934246316, error: 0.6340359011301635
i= 600
Epoch 600, loss: -494.18422994872304, error: 0.8332826859021915
i= 700
Epoch 700, loss: -770.2487306213079, error: 0.9574895206627783
i= 800
Epoch 800, loss: -1346.587452350301, error: 1.1379791505822894
i= 900
Epoch 900, loss: -1926.4834776457571, error: 1.2509315267401946
i= 1000
Epoch 1000, loss: -2659.2056159931735, error: 0.8917273843902256
i= 1100
Epoch 1100, loss: -3475.0391298464715, error: 1.2354047128771828
i= 1200
Epoch 1200, loss: -4271.422311098169, error: 0.7905890820710513
i= 1300
Epoch 1300, loss: -4931.071873802883, error: 0.4450310324340579
i= 1400
Epoch 1400, loss: -5425.078179123692, error: 0.6730407976320097
i= 1500
Epoch 1500, loss: -6326.711439445219, error: 0.4697619945778979
i= 1600
Epoch 1600, loss: -6848.705064042805, error: 0.3406743202237838
i= 1700
Epoch 1700, loss: -7597.479936926399, error: 0.5749100099944389
i= 1800
Epoch 1800, loss: -8458.85108327828, error: 0.5063358641772434
i= 1900
Epoch 1900, loss: -8765.737301173996, error: 0.49484570015950646
i= 2000
Epoch 2000, loss: -9249.5235464431, error: 1.1919193833503983
i= 2100
Epoch 2100, loss: -9970.149906911773, error: 1.448067314768848
i= 2200
Epoch 2200, loss: -10334.306959524538, error: 0.35733420066095295
i= 2300
Epoch 2300, loss: -11577.654762017819, error: 0.7398496535325731
i= 2400
Epoch 2400, loss: -11617.221574845795, error: 0.9230149078283559
i= 2500
Epoch 2500, loss: -11581.05622141471, error: 0.46651781428818623
i= 2600
Epoch 2600, loss: -12062.613776162118, error: 1.8272523273290788
i= 2700
Epoch 2700, loss: -12944.806880246251, error: 0.2883021590157395
i= 2800
Epoch 2800, loss: -14322.140812827829, error: 0.5529256297834888
i= 2900
Epoch 2900, loss: -14744.008446491567, error: 1.1642942119833992
i= 3000
Epoch 3000, loss: -15392.403247795004, error: 1.0083196108322028
i= 3100
Epoch 3100, loss: -16034.509740800422, error: 0.892797833731309
i= 3200
Epoch 3200, loss: -15309.470328476365, error: 0.5724562777273179
i= 3300
Epoch 3300, loss: -17155.42209374701, error: 1.0506689964671492
i= 3400
Epoch 3400, loss: -18296.272224976714, error: 0.8010559993902406
i= 3500
Epoch 3500, loss: -18818.06860095613, error: 0.39956478809395046
i= 3600
Epoch 3600, loss: -18437.134374672427, error: 1.3407818449975588
i= 3700
Epoch 3700, loss: -18831.35808447105, error: 1.0431556405073368
i= 3800
Epoch 3800, loss: -20298.3388020606, error: 0.498032703595372
i= 3900
Epoch 3900, loss: -21116.065836297326, error: 1.0311117761618636
i= 4000
Epoch 4000, loss: -19508.43371254891, error: 1.2729204878404947
i= 4100
Epoch 4100, loss: -24389.94812354993, error: 1.0963777532261691
i= 4200
Epoch 4200, loss: -24118.48310963186, error: 0.8236643190959919
i= 4300
Epoch 4300, loss: -24094.630110249975, error: 1.4023314888938747
i= 4400
Epoch 4400, loss: -23540.790185572136, error: 1.2100108820000093
i= 4500
Epoch 4500, loss: -24330.152387285427, error: 0.5611885739358742
i= 4600
Epoch 4600, loss: -25627.50453549095, error: 0.8634561709549442
i= 4700
Epoch 4700, loss: -25977.28751567487, error: 1.249015246338514
i= 4800
Epoch 4800, loss: -25864.814393393193, error: 0.9508048248353242
i= 4900
Epoch 4900, loss: -26882.319049245387, error: 0.643344285082745
i= 5000
Epoch 5000, loss: -26013.12294902271, error: 0.9862894230297512
i= 5100
Epoch 5100, loss: -27280.819299968574, error: 0.8283256810959994
i= 5200
Epoch 5200, loss: -29054.312269005834, error: 1.316745393934264
i= 5300
Epoch 5300, loss: -29624.160500015645, error: 1.1816003121680099
i= 5400
Epoch 5400, loss: -29541.55442077844, error: 1.186701956338166
i= 5500
Epoch 5500, loss: -28592.731006317852, error: 0.7619763959913708
i= 5600
Epoch 5600, loss: -28889.14079118708, error: 1.7162886508959458
i= 5700
Epoch 5700, loss: -32784.25630735459, error: 1.4570352353150384
i= 5800
Epoch 5800, loss: -32842.71980777004, error: 1.7081020437954837
i= 5900
Epoch 5900, loss: -35142.7609784196, error: 0.7854467575745195
i= 6000
Epoch 6000, loss: -36524.00375074253, error: 0.7674352731455366
i= 6100
Epoch 6100, loss: -36246.52110716283, error: 1.467524306227146
i= 6200
Epoch 6200, loss: -35946.78492291212, error: 1.8694079418438505
i= 6300
Epoch 6300, loss: -39023.45569533395, error: 1.4074146004814656
i= 6400
Epoch 6400, loss: -38358.744723464966, error: 1.4256121647802966
i= 6500
Epoch 6500, loss: -39525.070709053456, error: 0.9684025426471213
i= 6600
Epoch 6600, loss: -42029.35562735126, error: 0.7354260875694529
i= 6700
Epoch 6700, loss: -40342.904408062386, error: 1.2784801135352857
i= 6800
Epoch 6800, loss: -39333.706816328944, error: 1.6118108976431909
i= 6900
Epoch 6900, loss: -43043.321634149084, error: 0.8202214149659667
i= 7000
Epoch 7000, loss: -46425.12769238505, error: 1.5835105897058153
i= 7100
Epoch 7100, loss: -43589.534998847455, error: 0.6866485085594389
i= 7200
Epoch 7200, loss: -44000.13434543391, error: 1.6435640836548087
i= 7300
Epoch 7300, loss: -40545.570206169345, error: 1.7384291590839118
i= 7400
Epoch 7400, loss: -44616.50129594121, error: 1.4902403441596495
i= 7500
Epoch 7500, loss: -43189.26567954091, error: 1.3993495587469977
i= 7600
Epoch 7600, loss: -49240.000547674215, error: 1.5775679449351627
i= 7700
Epoch 7700, loss: -47919.61722826862, error: 0.6613009802915374
i= 7800
Epoch 7800, loss: -47363.92082603014, error: 1.2295006383646474
i= 7900
Epoch 7900, loss: -49450.097748585016, error: 0.7130064799109339
i= 8000
Epoch 8000, loss: -52039.786649578964, error: 0.5503807551379898
i= 8100
Epoch 8100, loss: -51201.16690224464, error: 0.9104921735294713
i= 8200
Epoch 8200, loss: -52403.07030930287, error: 0.774183087847123
i= 8300
Epoch 8300, loss: -48136.040663208456, error: 1.3054601177233063
i= 8400
Epoch 8400, loss: -51804.665042941946, error: 1.571297432911574
i= 8500
Epoch 8500, loss: -55560.52558223699, error: 1.3881301504981993
i= 8600
Epoch 8600, loss: -53533.04267040696, error: 0.9642720734219243
i= 8700
Epoch 8700, loss: -58030.614150657, error: 0.8417002391403015
i= 8800
Epoch 8800, loss: -51071.62629930566, error: 0.6556925670477487
i= 8900
Epoch 8900, loss: -52053.01108590584, error: 0.7668210296390457
i= 9000
Epoch 9000, loss: -55267.27340491839, error: 1.4430681566380692
i= 9100
Epoch 9100, loss: -56835.53492729444, error: 1.3092497155543872
i= 9200
Epoch 9200, loss: -56542.82127502748, error: 2.154271728945012
i= 9300
Epoch 9300, loss: -61390.311266900615, error: 2.2972482461672774
i= 9400
Epoch 9400, loss: -59361.04982935879, error: 0.9446403369617793
i= 9500
Epoch 9500, loss: -60839.02471355421, error: 1.2099795257600017
i= 9600
Epoch 9600, loss: -56648.370513098074, error: 1.1951724706938736
i= 9700
Epoch 9700, loss: -59846.198368340105, error: 1.7354611476078328
i= 9800
Epoch 9800, loss: -59951.46443668321, error: 1.0209159261854428
i= 9900
Epoch 9900, loss: -55826.227162428884, error: 0.933815657918755
i= 10000
Epoch 10000, loss: -54257.461163736276, error: 0.9896710112773192
2025-10-12 10:43:52.699597: I tensorflow/core/util/port.cc:153] oneDNN custom operations are on. You may see slightly different numerical results due to floating-point round-off errors from different computation orders. To turn them off, set the environment variable `TF_ENABLE_ONEDNN_OPTS=0`.
2025-10-12 10:43:52.739416: I tensorflow/core/platform/cpu_feature_guard.cc:210] This TensorFlow binary is optimized to use available CPU instructions in performance-critical operations.
To enable the following instructions: AVX2 AVX512F AVX512_VNNI AVX512_BF16 AVX512_FP16 AVX_VNNI AMX_TILE AMX_INT8 AMX_BF16 FMA, in other operations, rebuild TensorFlow with the appropriate compiler flags.
2025-10-12 10:43:53.591147: I tensorflow/core/util/port.cc:153] oneDNN custom operations are on. You may see slightly different numerical results due to floating-point round-off errors from different computation orders. To turn them off, set the environment variable `TF_ENABLE_ONEDNN_OPTS=0`.
WARNING: All log messages before absl::InitializeLog() is called are written to STDERR
I0000 00:00:1760237034.417882 3443936 gpu_device.cc:2020] Created device /job:localhost/replica:0/task:0/device:GPU:0 with 43505 MB memory:  -> device: 0, name: NVIDIA L40, pci bus id: 0000:8a:00.0, compute capability: 8.9
/home/ET/thhu/nn/lib/python3.12/site-packages/keras/src/optimizers/base_optimizer.py:857: UserWarning: Gradients do not exist for variables ['dense_3/bias'] when minimizing the loss. If using `model.compile()`, did you forget to provide a `loss` argument?
  warnings.warn(
i= 100
Epoch 100, loss: -79.12794353263672, error: 0.10910811246445892
i= 200
Epoch 200, loss: -82.13782418313545, error: 0.06722834107124455
i= 300
Epoch 300, loss: -97.68413649855182, error: 0.1979840773158426
i= 400
Epoch 400, loss: -138.72312193826986, error: 0.5600684291271102
i= 500
Epoch 500, loss: -251.82571401541168, error: 0.6756651805759006
i= 600
Epoch 600, loss: -480.5236249605711, error: 0.7174029842882369
i= 700
Epoch 700, loss: -859.7364126163989, error: 1.0325342044695016
i= 800
Epoch 800, loss: -1354.6199221738575, error: 0.7191838375970501
i= 900
Epoch 900, loss: -1978.296040280772, error: 0.8858879358754322
i= 1000
Epoch 1000, loss: -2870.992409420875, error: 1.1297385737979282
i= 1100
Epoch 1100, loss: -3651.557791697693, error: 1.084531401495437
i= 1200
Epoch 1200, loss: -4407.677243358913, error: 1.7144425838231248
i= 1300
Epoch 1300, loss: -5006.595739205429, error: 1.4504430537982063
i= 1400
Epoch 1400, loss: -5692.588440207892, error: 1.9196751360202309
i= 1500
Epoch 1500, loss: -6249.225571788248, error: 0.6884717796605657
i= 1600
Epoch 1600, loss: -7098.814787793732, error: 0.8215795045607588
i= 1700
Epoch 1700, loss: -7851.977717153065, error: 1.4059839770289941
i= 1800
Epoch 1800, loss: -7936.3569874644545, error: 0.87067486359993
i= 1900
Epoch 1900, loss: -8598.954873846225, error: 1.273367268096913
i= 2000
Epoch 2000, loss: -9236.53499517578, error: 0.6556509981797943
i= 2100
Epoch 2100, loss: -10281.635209659302, error: 0.6842619902340111
i= 2200
Epoch 2200, loss: -10590.964653790714, error: 1.4060411322864215
i= 2300
Epoch 2300, loss: -11968.117315213833, error: 0.5554195665009912
i= 2400
Epoch 2400, loss: -12965.005053298333, error: 0.9910317748642526
i= 2500
Epoch 2500, loss: -13458.123248927905, error: 0.5930119173883773
i= 2600
Epoch 2600, loss: -14780.920677201168, error: 1.1869505006542604
i= 2700
Epoch 2700, loss: -14563.975367905343, error: 0.44819889359043785
i= 2800
Epoch 2800, loss: -16109.759335520936, error: 0.9803949626976476
i= 2900
Epoch 2900, loss: -17103.861881805675, error: 1.1301303545604053
i= 3000
Epoch 3000, loss: -17421.18743755358, error: 0.5603784414063849
i= 3100
Epoch 3100, loss: -18034.86861513283, error: 0.8593887538490621
i= 3200
Epoch 3200, loss: -19460.34044135147, error: 0.4182459718043354
i= 3300
Epoch 3300, loss: -19268.817124612706, error: 1.0766353251668446
i= 3400
Epoch 3400, loss: -19574.920518766576, error: 0.9764984657380185
i= 3500
Epoch 3500, loss: -21124.74907096033, error: 1.3937057826101136
i= 3600
Epoch 3600, loss: -21758.180436525436, error: 1.7906652753751766
i= 3700
Epoch 3700, loss: -22388.92322965489, error: 1.2069205401680365
i= 3800
Epoch 3800, loss: -23020.117550917832, error: 0.7344052031289255
i= 3900
Epoch 3900, loss: -23371.92890895763, error: 1.7566363856814269
i= 4000
Epoch 4000, loss: -24625.75305275343, error: 1.1797594012178998
i= 4100
Epoch 4100, loss: -24411.76825739797, error: 0.8695766003115857
i= 4200
Epoch 4200, loss: -25947.64121796217, error: 2.1062030821386775
i= 4300
Epoch 4300, loss: -26068.161057649555, error: 0.6071593846683179
i= 4400
Epoch 4400, loss: -27461.928198881084, error: 1.3205632566931393
i= 4500
Epoch 4500, loss: -26880.703918510142, error: 1.9340861521192
i= 4600
Epoch 4600, loss: -27656.335701462347, error: 0.45258401216794414
i= 4700
Epoch 4700, loss: -29540.21833104081, error: 0.7608798741364553
i= 4800
Epoch 4800, loss: -29416.27343331183, error: 1.177390576711867
i= 4900
Epoch 4900, loss: -28604.329526559024, error: 0.6740715622677055
i= 5000
Epoch 5000, loss: -30985.022347542043, error: 1.4474690937046482
i= 5100
Epoch 5100, loss: -30967.122080795725, error: 0.8162105966811746
i= 5200
Epoch 5200, loss: -30340.50144538242, error: 1.686713136455425
i= 5300
Epoch 5300, loss: -31165.11665618517, error: 0.6587223973443438
i= 5400
Epoch 5400, loss: -33449.214041167186, error: 0.8556756278740161
i= 5500
Epoch 5500, loss: -32306.37729702646, error: 0.6702899305709554
i= 5600
Epoch 5600, loss: -33280.7716796781, error: 1.5878624475983463
i= 5700
Epoch 5700, loss: -34504.568086858184, error: 0.6246396870016112
i= 5800
Epoch 5800, loss: -34858.477601949206, error: 1.7186936034809606
i= 5900
Epoch 5900, loss: -35778.03950155778, error: 0.557935218074432
i= 6000
Epoch 6000, loss: -36577.853610361315, error: 0.5703025967267368
i= 6100
Epoch 6100, loss: -36359.70945851506, error: 1.0444668486363542
i= 6200
Epoch 6200, loss: -36223.024838198115, error: 2.81574066067531
i= 6300
Epoch 6300, loss: -36920.59585621794, error: 0.5937467418701579
i= 6400
Epoch 6400, loss: -39633.44299967454, error: 0.9540285959665965
i= 6500
Epoch 6500, loss: -39403.91019986532, error: 0.7207889130317491
i= 6600
Epoch 6600, loss: -40500.05989886113, error: 0.5211415847698402
i= 6700
Epoch 6700, loss: -42697.503971825616, error: 1.0473674627887488
i= 6800
Epoch 6800, loss: -41497.36197250345, error: 0.3503454520424484
i= 6900
Epoch 6900, loss: -42556.75269788238, error: 0.5887043276595572
i= 7000
Epoch 7000, loss: -41247.754814135005, error: 0.43390155856893936
i= 7100
Epoch 7100, loss: -41885.164831866416, error: 0.9959583739452703
i= 7200
Epoch 7200, loss: -45727.1140347268, error: 1.2136849099984899
i= 7300
Epoch 7300, loss: -44511.5076211839, error: 0.6293095468136097
i= 7400
Epoch 7400, loss: -42873.604779627254, error: 1.180600541112468
i= 7500
Epoch 7500, loss: -43722.107752942655, error: 1.222445447006409
i= 7600
Epoch 7600, loss: -46093.11726697714, error: 2.3381709945477374
i= 7700
Epoch 7700, loss: -43700.59712827444, error: 1.5085109947590232
i= 7800
Epoch 7800, loss: -46125.262929133496, error: 1.9689485894209355
i= 7900
Epoch 7900, loss: -48982.8196569461, error: 1.2242907514432635
i= 8000
Epoch 8000, loss: -48357.32705415901, error: 0.9304209146246762
i= 8100
Epoch 8100, loss: -47657.84039614377, error: 0.9886020264803774
i= 8200
Epoch 8200, loss: -53082.28990764716, error: 1.6865271027719464
i= 8300
Epoch 8300, loss: -49865.654428885435, error: 0.863596212829076
i= 8400
Epoch 8400, loss: -51347.68970100272, error: 0.9082597785294207
i= 8500
Epoch 8500, loss: -51430.60649910032, error: 0.9565233821961612
i= 8600
Epoch 8600, loss: -47988.73990735521, error: 0.9188332308661926
i= 8700
Epoch 8700, loss: -49572.44029350296, error: 1.331045532027053
i= 8800
Epoch 8800, loss: -52272.64632275379, error: 0.8203025784824621
i= 8900
Epoch 8900, loss: -53746.634468574164, error: 1.1055686335421233
i= 9000
Epoch 9000, loss: -53966.35960065502, error: 1.2301489345535837
i= 9100
Epoch 9100, loss: -54617.915746997314, error: 1.0772648022683735
i= 9200
Epoch 9200, loss: -52741.28137316223, error: 1.3899372184741268
i= 9300
Epoch 9300, loss: -56717.319849186075, error: 1.2911430390805876
i= 9400
Epoch 9400, loss: -54916.225547192626, error: 0.8575735394160222
i= 9500
Epoch 9500, loss: -57830.72212457972, error: 0.7639595410262486
i= 9600
Epoch 9600, loss: -57088.18406920914, error: 1.0080312323306537
i= 9700
Epoch 9700, loss: -58946.57611806439, error: 1.0149410159413752
i= 9800
Epoch 9800, loss: -54899.42362467015, error: 0.899194022702759
i= 9900
Epoch 9900, loss: -60548.34087626842, error: 0.7145388616481565
i= 10000
Epoch 10000, loss: -59344.09319651266, error: 1.0449738772647972
2025-10-12 11:10:11.716288: I tensorflow/core/util/port.cc:153] oneDNN custom operations are on. You may see slightly different numerical results due to floating-point round-off errors from different computation orders. To turn them off, set the environment variable `TF_ENABLE_ONEDNN_OPTS=0`.
2025-10-12 11:10:11.756731: I tensorflow/core/platform/cpu_feature_guard.cc:210] This TensorFlow binary is optimized to use available CPU instructions in performance-critical operations.
To enable the following instructions: AVX2 AVX512F AVX512_VNNI AVX512_BF16 AVX512_FP16 AVX_VNNI AMX_TILE AMX_INT8 AMX_BF16 FMA, in other operations, rebuild TensorFlow with the appropriate compiler flags.
2025-10-12 11:10:12.602841: I tensorflow/core/util/port.cc:153] oneDNN custom operations are on. You may see slightly different numerical results due to floating-point round-off errors from different computation orders. To turn them off, set the environment variable `TF_ENABLE_ONEDNN_OPTS=0`.
WARNING: All log messages before absl::InitializeLog() is called are written to STDERR
I0000 00:00:1760238613.376101 3462477 gpu_device.cc:2020] Created device /job:localhost/replica:0/task:0/device:GPU:0 with 43505 MB memory:  -> device: 0, name: NVIDIA L40, pci bus id: 0000:8a:00.0, compute capability: 8.9
/home/ET/thhu/plaplace/Example4/plaplace1.py:455: OptimizeWarning: Unknown solver options: method_bfgs, initial_scale
  result = minimize(loss_and_gradient, initial_weights,
/home/ET/thhu/plaplace/Example4/plaplace1.py:455: OptimizeWarning: Unknown solver options: method_bfgs, initial_scale
  result = minimize(loss_and_gradient, initial_weights,
/home/ET/thhu/plaplace/Example4/plaplace1.py:455: OptimizeWarning: Unknown solver options: method_bfgs, initial_scale
  result = minimize(loss_and_gradient, initial_weights,
/home/ET/thhu/plaplace/Example4/plaplace1.py:455: OptimizeWarning: Unknown solver options: method_bfgs, initial_scale
  result = minimize(loss_and_gradient, initial_weights,
/home/ET/thhu/plaplace/Example4/plaplace1.py:455: OptimizeWarning: Unknown solver options: method_bfgs, initial_scale
  result = minimize(loss_and_gradient, initial_weights,
/home/ET/thhu/plaplace/Example4/plaplace1.py:455: OptimizeWarning: Unknown solver options: method_bfgs, initial_scale
  result = minimize(loss_and_gradient, initial_weights,
/home/ET/thhu/plaplace/Example4/plaplace1.py:455: OptimizeWarning: Unknown solver options: method_bfgs, initial_scale
  result = minimize(loss_and_gradient, initial_weights,
/home/ET/thhu/plaplace/Example4/plaplace1.py:455: OptimizeWarning: Unknown solver options: method_bfgs, initial_scale
  result = minimize(loss_and_gradient, initial_weights,
/home/ET/thhu/plaplace/Example4/plaplace1.py:455: OptimizeWarning: Unknown solver options: method_bfgs, initial_scale
  result = minimize(loss_and_gradient, initial_weights,
/home/ET/thhu/plaplace/Example4/plaplace1.py:455: OptimizeWarning: Unknown solver options: method_bfgs, initial_scale
  result = minimize(loss_and_gradient, initial_weights,
/home/ET/thhu/plaplace/Example4/plaplace1.py:455: OptimizeWarning: Unknown solver options: method_bfgs, initial_scale
  result = minimize(loss_and_gradient, initial_weights,
/home/ET/thhu/plaplace/Example4/plaplace1.py:455: OptimizeWarning: Unknown solver options: method_bfgs, initial_scale
  result = minimize(loss_and_gradient, initial_weights,
/home/ET/thhu/plaplace/Example4/plaplace1.py:455: OptimizeWarning: Unknown solver options: method_bfgs, initial_scale
  result = minimize(loss_and_gradient, initial_weights,
/home/ET/thhu/plaplace/Example4/plaplace1.py:455: OptimizeWarning: Unknown solver options: method_bfgs, initial_scale
  result = minimize(loss_and_gradient, initial_weights,
/home/ET/thhu/plaplace/Example4/plaplace1.py:455: OptimizeWarning: Unknown solver options: method_bfgs, initial_scale
  result = minimize(loss_and_gradient, initial_weights,
/home/ET/thhu/plaplace/Example4/plaplace1.py:455: OptimizeWarning: Unknown solver options: method_bfgs, initial_scale
  result = minimize(loss_and_gradient, initial_weights,
/home/ET/thhu/plaplace/Example4/plaplace1.py:455: OptimizeWarning: Unknown solver options: method_bfgs, initial_scale
  result = minimize(loss_and_gradient, initial_weights,
/home/ET/thhu/plaplace/Example4/plaplace1.py:455: OptimizeWarning: Unknown solver options: method_bfgs, initial_scale
  result = minimize(loss_and_gradient, initial_weights,
/home/ET/thhu/plaplace/Example4/plaplace1.py:455: OptimizeWarning: Unknown solver options: method_bfgs, initial_scale
  result = minimize(loss_and_gradient, initial_weights,
/home/ET/thhu/plaplace/Example4/plaplace1.py:455: OptimizeWarning: Unknown solver options: method_bfgs, initial_scale
  result = minimize(loss_and_gradient, initial_weights,
/home/ET/thhu/plaplace/Example4/plaplace1.py:455: OptimizeWarning: Unknown solver options: method_bfgs, initial_scale
  result = minimize(loss_and_gradient, initial_weights,
/home/ET/thhu/plaplace/Example4/plaplace1.py:455: OptimizeWarning: Unknown solver options: method_bfgs, initial_scale
  result = minimize(loss_and_gradient, initial_weights,
/home/ET/thhu/plaplace/Example4/plaplace1.py:455: OptimizeWarning: Unknown solver options: method_bfgs, initial_scale
  result = minimize(loss_and_gradient, initial_weights,
/home/ET/thhu/plaplace/Example4/plaplace1.py:455: OptimizeWarning: Unknown solver options: method_bfgs, initial_scale
  result = minimize(loss_and_gradient, initial_weights,
/home/ET/thhu/plaplace/Example4/plaplace1.py:455: OptimizeWarning: Unknown solver options: method_bfgs, initial_scale
  result = minimize(loss_and_gradient, initial_weights,
/home/ET/thhu/plaplace/Example4/plaplace1.py:455: OptimizeWarning: Unknown solver options: method_bfgs, initial_scale
  result = minimize(loss_and_gradient, initial_weights,
/home/ET/thhu/plaplace/Example4/plaplace1.py:455: OptimizeWarning: Unknown solver options: method_bfgs, initial_scale
  result = minimize(loss_and_gradient, initial_weights,
/home/ET/thhu/plaplace/Example4/plaplace1.py:455: OptimizeWarning: Unknown solver options: method_bfgs, initial_scale
  result = minimize(loss_and_gradient, initial_weights,
/home/ET/thhu/plaplace/Example4/plaplace1.py:455: OptimizeWarning: Unknown solver options: method_bfgs, initial_scale
  result = minimize(loss_and_gradient, initial_weights,
/home/ET/thhu/plaplace/Example4/plaplace1.py:455: OptimizeWarning: Unknown solver options: method_bfgs, initial_scale
  result = minimize(loss_and_gradient, initial_weights,
/home/ET/thhu/plaplace/Example4/plaplace1.py:455: OptimizeWarning: Unknown solver options: method_bfgs, initial_scale
  result = minimize(loss_and_gradient, initial_weights,
/home/ET/thhu/plaplace/Example4/plaplace1.py:455: OptimizeWarning: Unknown solver options: method_bfgs, initial_scale
  result = minimize(loss_and_gradient, initial_weights,
/home/ET/thhu/plaplace/Example4/plaplace1.py:455: OptimizeWarning: Unknown solver options: method_bfgs, initial_scale
  result = minimize(loss_and_gradient, initial_weights,
/home/ET/thhu/plaplace/Example4/plaplace1.py:455: OptimizeWarning: Unknown solver options: method_bfgs, initial_scale
  result = minimize(loss_and_gradient, initial_weights,
/home/ET/thhu/plaplace/Example4/plaplace1.py:455: OptimizeWarning: Unknown solver options: method_bfgs, initial_scale
  result = minimize(loss_and_gradient, initial_weights,
/home/ET/thhu/plaplace/Example4/plaplace1.py:455: OptimizeWarning: Unknown solver options: method_bfgs, initial_scale
  result = minimize(loss_and_gradient, initial_weights,
/home/ET/thhu/plaplace/Example4/plaplace1.py:455: OptimizeWarning: Unknown solver options: method_bfgs, initial_scale
  result = minimize(loss_and_gradient, initial_weights,
/home/ET/thhu/plaplace/Example4/plaplace1.py:455: OptimizeWarning: Unknown solver options: method_bfgs, initial_scale
  result = minimize(loss_and_gradient, initial_weights,
/home/ET/thhu/plaplace/Example4/plaplace1.py:455: OptimizeWarning: Unknown solver options: method_bfgs, initial_scale
  result = minimize(loss_and_gradient, initial_weights,
/home/ET/thhu/plaplace/Example4/plaplace1.py:455: OptimizeWarning: Unknown solver options: method_bfgs, initial_scale
  result = minimize(loss_and_gradient, initial_weights,
/home/ET/thhu/plaplace/Example4/plaplace1.py:455: OptimizeWarning: Unknown solver options: method_bfgs, initial_scale
  result = minimize(loss_and_gradient, initial_weights,
/home/ET/thhu/plaplace/Example4/plaplace1.py:455: OptimizeWarning: Unknown solver options: method_bfgs, initial_scale
  result = minimize(loss_and_gradient, initial_weights,
/home/ET/thhu/plaplace/Example4/plaplace1.py:455: OptimizeWarning: Unknown solver options: method_bfgs, initial_scale
  result = minimize(loss_and_gradient, initial_weights,
/home/ET/thhu/plaplace/Example4/plaplace1.py:455: OptimizeWarning: Unknown solver options: method_bfgs, initial_scale
  result = minimize(loss_and_gradient, initial_weights,
/home/ET/thhu/plaplace/Example4/plaplace1.py:455: OptimizeWarning: Unknown solver options: method_bfgs, initial_scale
  result = minimize(loss_and_gradient, initial_weights,
/home/ET/thhu/plaplace/Example4/plaplace1.py:455: OptimizeWarning: Unknown solver options: method_bfgs, initial_scale
  result = minimize(loss_and_gradient, initial_weights,
/home/ET/thhu/plaplace/Example4/plaplace1.py:455: OptimizeWarning: Unknown solver options: method_bfgs, initial_scale
  result = minimize(loss_and_gradient, initial_weights,
/home/ET/thhu/plaplace/Example4/plaplace1.py:455: OptimizeWarning: Unknown solver options: method_bfgs, initial_scale
  result = minimize(loss_and_gradient, initial_weights,
/home/ET/thhu/plaplace/Example4/plaplace1.py:455: OptimizeWarning: Unknown solver options: method_bfgs, initial_scale
  result = minimize(loss_and_gradient, initial_weights,
/home/ET/thhu/plaplace/Example4/plaplace1.py:455: OptimizeWarning: Unknown solver options: method_bfgs, initial_scale
  result = minimize(loss_and_gradient, initial_weights,
/home/ET/thhu/plaplace/Example4/plaplace1.py:455: OptimizeWarning: Unknown solver options: method_bfgs, initial_scale
  result = minimize(loss_and_gradient, initial_weights,
/home/ET/thhu/plaplace/Example4/plaplace1.py:455: OptimizeWarning: Unknown solver options: method_bfgs, initial_scale
  result = minimize(loss_and_gradient, initial_weights,
/home/ET/thhu/plaplace/Example4/plaplace1.py:455: OptimizeWarning: Unknown solver options: method_bfgs, initial_scale
  result = minimize(loss_and_gradient, initial_weights,
/home/ET/thhu/plaplace/Example4/plaplace1.py:455: OptimizeWarning: Unknown solver options: method_bfgs, initial_scale
  result = minimize(loss_and_gradient, initial_weights,
/home/ET/thhu/plaplace/Example4/plaplace1.py:455: OptimizeWarning: Unknown solver options: method_bfgs, initial_scale
  result = minimize(loss_and_gradient, initial_weights,
/home/ET/thhu/plaplace/Example4/plaplace1.py:455: OptimizeWarning: Unknown solver options: method_bfgs, initial_scale
  result = minimize(loss_and_gradient, initial_weights,
/home/ET/thhu/plaplace/Example4/plaplace1.py:455: OptimizeWarning: Unknown solver options: method_bfgs, initial_scale
  result = minimize(loss_and_gradient, initial_weights,
i= 100
Epoch 100, loss: 0.0008383480541081493
i= 200
Epoch 200, loss: 0.00023233469205458153
i= 300
Epoch 300, loss: 6.103989442344841e-05
i= 400
Epoch 400, loss: 8.36212117292324e-06
i= 500
Epoch 500, loss: 1.4188718111707333e-05
i= 600
Epoch 600, loss: 9.030985756286973e-07
i= 700
Epoch 700, loss: 1.072456375603781e-06
i= 800
Epoch 800, loss: 6.614340737459536e-07
i= 900
Epoch 900, loss: 5.201554717677505e-07
i= 1000
Epoch 1000, loss: 4.329754043841849e-07
4.128366869164149e-07 1
6.599074996514514e-15 1000
4.329470431724847e-17 2000
8.285132801416861e-18 3000
2.6974033471289037e-18 4000
2.200824807223184e-18 5000
1.6920605263520411e-18 6000
1.423352279433885e-18 7000
1.1692920308797745e-18 8000
1.1099453094192105e-18 9000
1.073694037337635e-18 10000
2025-10-12 11:44:36.822414: I tensorflow/core/util/port.cc:153] oneDNN custom operations are on. You may see slightly different numerical results due to floating-point round-off errors from different computation orders. To turn them off, set the environment variable `TF_ENABLE_ONEDNN_OPTS=0`.
2025-10-12 11:44:36.861869: I tensorflow/core/platform/cpu_feature_guard.cc:210] This TensorFlow binary is optimized to use available CPU instructions in performance-critical operations.
To enable the following instructions: AVX2 AVX512F AVX512_VNNI AVX512_BF16 AVX512_FP16 AVX_VNNI AMX_TILE AMX_INT8 AMX_BF16 FMA, in other operations, rebuild TensorFlow with the appropriate compiler flags.
2025-10-12 11:44:37.705038: I tensorflow/core/util/port.cc:153] oneDNN custom operations are on. You may see slightly different numerical results due to floating-point round-off errors from different computation orders. To turn them off, set the environment variable `TF_ENABLE_ONEDNN_OPTS=0`.
WARNING: All log messages before absl::InitializeLog() is called are written to STDERR
I0000 00:00:1760240678.572533 3486602 gpu_device.cc:2020] Created device /job:localhost/replica:0/task:0/device:GPU:0 with 43505 MB memory:  -> device: 0, name: NVIDIA L40, pci bus id: 0000:8a:00.0, compute capability: 8.9
/home/ET/thhu/nn/lib/python3.12/site-packages/keras/src/optimizers/base_optimizer.py:857: UserWarning: Gradients do not exist for variables ['dense_3/bias'] when minimizing the loss. If using `model.compile()`, did you forget to provide a `loss` argument?
  warnings.warn(
2025-10-12 11:48:03.995431: I tensorflow/core/util/port.cc:153] oneDNN custom operations are on. You may see slightly different numerical results due to floating-point round-off errors from different computation orders. To turn them off, set the environment variable `TF_ENABLE_ONEDNN_OPTS=0`.
2025-10-12 11:48:04.036122: I tensorflow/core/platform/cpu_feature_guard.cc:210] This TensorFlow binary is optimized to use available CPU instructions in performance-critical operations.
To enable the following instructions: AVX2 AVX512F AVX512_VNNI AVX512_BF16 AVX512_FP16 AVX_VNNI AMX_TILE AMX_INT8 AMX_BF16 FMA, in other operations, rebuild TensorFlow with the appropriate compiler flags.
2025-10-12 11:48:04.875367: I tensorflow/core/util/port.cc:153] oneDNN custom operations are on. You may see slightly different numerical results due to floating-point round-off errors from different computation orders. To turn them off, set the environment variable `TF_ENABLE_ONEDNN_OPTS=0`.
WARNING: All log messages before absl::InitializeLog() is called are written to STDERR
I0000 00:00:1760240885.605516 3489527 gpu_device.cc:2020] Created device /job:localhost/replica:0/task:0/device:GPU:0 with 43505 MB memory:  -> device: 0, name: NVIDIA L40, pci bus id: 0000:8a:00.0, compute capability: 8.9
/home/ET/thhu/plaplace/Example4/plaplace1.py:455: OptimizeWarning: Unknown solver options: method_bfgs, initial_scale
  result = minimize(loss_and_gradient, initial_weights,
/home/ET/thhu/plaplace/Example4/plaplace1.py:455: OptimizeWarning: Unknown solver options: method_bfgs, initial_scale
  result = minimize(loss_and_gradient, initial_weights,
/home/ET/thhu/plaplace/Example4/plaplace1.py:455: OptimizeWarning: Unknown solver options: method_bfgs, initial_scale
  result = minimize(loss_and_gradient, initial_weights,
/home/ET/thhu/plaplace/Example4/plaplace1.py:455: OptimizeWarning: Unknown solver options: method_bfgs, initial_scale
  result = minimize(loss_and_gradient, initial_weights,
/home/ET/thhu/plaplace/Example4/plaplace1.py:455: OptimizeWarning: Unknown solver options: method_bfgs, initial_scale
  result = minimize(loss_and_gradient, initial_weights,
/home/ET/thhu/plaplace/Example4/plaplace1.py:455: OptimizeWarning: Unknown solver options: method_bfgs, initial_scale
  result = minimize(loss_and_gradient, initial_weights,
/home/ET/thhu/plaplace/Example4/plaplace1.py:455: OptimizeWarning: Unknown solver options: method_bfgs, initial_scale
  result = minimize(loss_and_gradient, initial_weights,
/home/ET/thhu/plaplace/Example4/plaplace1.py:455: OptimizeWarning: Unknown solver options: method_bfgs, initial_scale
  result = minimize(loss_and_gradient, initial_weights,
/home/ET/thhu/plaplace/Example4/plaplace1.py:455: OptimizeWarning: Unknown solver options: method_bfgs, initial_scale
  result = minimize(loss_and_gradient, initial_weights,
/home/ET/thhu/plaplace/Example4/plaplace1.py:455: OptimizeWarning: Unknown solver options: method_bfgs, initial_scale
  result = minimize(loss_and_gradient, initial_weights,
/home/ET/thhu/plaplace/Example4/plaplace1.py:455: OptimizeWarning: Unknown solver options: method_bfgs, initial_scale
  result = minimize(loss_and_gradient, initial_weights,
/home/ET/thhu/plaplace/Example4/plaplace1.py:455: OptimizeWarning: Unknown solver options: method_bfgs, initial_scale
  result = minimize(loss_and_gradient, initial_weights,
/home/ET/thhu/plaplace/Example4/plaplace1.py:455: OptimizeWarning: Unknown solver options: method_bfgs, initial_scale
  result = minimize(loss_and_gradient, initial_weights,
/home/ET/thhu/plaplace/Example4/plaplace1.py:455: OptimizeWarning: Unknown solver options: method_bfgs, initial_scale
  result = minimize(loss_and_gradient, initial_weights,
/home/ET/thhu/plaplace/Example4/plaplace1.py:455: OptimizeWarning: Unknown solver options: method_bfgs, initial_scale
  result = minimize(loss_and_gradient, initial_weights,
/home/ET/thhu/plaplace/Example4/plaplace1.py:455: OptimizeWarning: Unknown solver options: method_bfgs, initial_scale
  result = minimize(loss_and_gradient, initial_weights,
/home/ET/thhu/plaplace/Example4/plaplace1.py:455: OptimizeWarning: Unknown solver options: method_bfgs, initial_scale
  result = minimize(loss_and_gradient, initial_weights,
/home/ET/thhu/plaplace/Example4/plaplace1.py:455: OptimizeWarning: Unknown solver options: method_bfgs, initial_scale
  result = minimize(loss_and_gradient, initial_weights,
/home/ET/thhu/plaplace/Example4/plaplace1.py:455: OptimizeWarning: Unknown solver options: method_bfgs, initial_scale
  result = minimize(loss_and_gradient, initial_weights,
/home/ET/thhu/plaplace/Example4/plaplace1.py:455: OptimizeWarning: Unknown solver options: method_bfgs, initial_scale
  result = minimize(loss_and_gradient, initial_weights,
/home/ET/thhu/plaplace/Example4/plaplace1.py:455: OptimizeWarning: Unknown solver options: method_bfgs, initial_scale
  result = minimize(loss_and_gradient, initial_weights,
/home/ET/thhu/plaplace/Example4/plaplace1.py:455: OptimizeWarning: Unknown solver options: method_bfgs, initial_scale
  result = minimize(loss_and_gradient, initial_weights,
/home/ET/thhu/plaplace/Example4/plaplace1.py:455: OptimizeWarning: Unknown solver options: method_bfgs, initial_scale
  result = minimize(loss_and_gradient, initial_weights,
/home/ET/thhu/plaplace/Example4/plaplace1.py:455: OptimizeWarning: Unknown solver options: method_bfgs, initial_scale
  result = minimize(loss_and_gradient, initial_weights,
/home/ET/thhu/plaplace/Example4/plaplace1.py:455: OptimizeWarning: Unknown solver options: method_bfgs, initial_scale
  result = minimize(loss_and_gradient, initial_weights,
/home/ET/thhu/plaplace/Example4/plaplace1.py:455: OptimizeWarning: Unknown solver options: method_bfgs, initial_scale
  result = minimize(loss_and_gradient, initial_weights,
/home/ET/thhu/plaplace/Example4/plaplace1.py:455: OptimizeWarning: Unknown solver options: method_bfgs, initial_scale
  result = minimize(loss_and_gradient, initial_weights,
/home/ET/thhu/plaplace/Example4/plaplace1.py:455: OptimizeWarning: Unknown solver options: method_bfgs, initial_scale
  result = minimize(loss_and_gradient, initial_weights,
/home/ET/thhu/plaplace/Example4/plaplace1.py:455: OptimizeWarning: Unknown solver options: method_bfgs, initial_scale
  result = minimize(loss_and_gradient, initial_weights,
/home/ET/thhu/plaplace/Example4/plaplace1.py:455: OptimizeWarning: Unknown solver options: method_bfgs, initial_scale
  result = minimize(loss_and_gradient, initial_weights,
/home/ET/thhu/plaplace/Example4/plaplace1.py:455: OptimizeWarning: Unknown solver options: method_bfgs, initial_scale
  result = minimize(loss_and_gradient, initial_weights,
/home/ET/thhu/plaplace/Example4/plaplace1.py:455: OptimizeWarning: Unknown solver options: method_bfgs, initial_scale
  result = minimize(loss_and_gradient, initial_weights,
/home/ET/thhu/plaplace/Example4/plaplace1.py:455: OptimizeWarning: Unknown solver options: method_bfgs, initial_scale
  result = minimize(loss_and_gradient, initial_weights,
/home/ET/thhu/plaplace/Example4/plaplace1.py:455: OptimizeWarning: Unknown solver options: method_bfgs, initial_scale
  result = minimize(loss_and_gradient, initial_weights,
/home/ET/thhu/plaplace/Example4/plaplace1.py:455: OptimizeWarning: Unknown solver options: method_bfgs, initial_scale
  result = minimize(loss_and_gradient, initial_weights,
/home/ET/thhu/plaplace/Example4/plaplace1.py:455: OptimizeWarning: Unknown solver options: method_bfgs, initial_scale
  result = minimize(loss_and_gradient, initial_weights,
/home/ET/thhu/plaplace/Example4/plaplace1.py:455: OptimizeWarning: Unknown solver options: method_bfgs, initial_scale
  result = minimize(loss_and_gradient, initial_weights,
/home/ET/thhu/plaplace/Example4/plaplace1.py:455: OptimizeWarning: Unknown solver options: method_bfgs, initial_scale
  result = minimize(loss_and_gradient, initial_weights,
/home/ET/thhu/plaplace/Example4/plaplace1.py:455: OptimizeWarning: Unknown solver options: method_bfgs, initial_scale
  result = minimize(loss_and_gradient, initial_weights,
/home/ET/thhu/plaplace/Example4/plaplace1.py:455: OptimizeWarning: Unknown solver options: method_bfgs, initial_scale
  result = minimize(loss_and_gradient, initial_weights,
/home/ET/thhu/plaplace/Example4/plaplace1.py:455: OptimizeWarning: Unknown solver options: method_bfgs, initial_scale
  result = minimize(loss_and_gradient, initial_weights,
/home/ET/thhu/plaplace/Example4/plaplace1.py:455: OptimizeWarning: Unknown solver options: method_bfgs, initial_scale
  result = minimize(loss_and_gradient, initial_weights,
/home/ET/thhu/plaplace/Example4/plaplace1.py:455: OptimizeWarning: Unknown solver options: method_bfgs, initial_scale
  result = minimize(loss_and_gradient, initial_weights,
/home/ET/thhu/plaplace/Example4/plaplace1.py:455: OptimizeWarning: Unknown solver options: method_bfgs, initial_scale
  result = minimize(loss_and_gradient, initial_weights,
/home/ET/thhu/plaplace/Example4/plaplace1.py:455: OptimizeWarning: Unknown solver options: method_bfgs, initial_scale
  result = minimize(loss_and_gradient, initial_weights,
/home/ET/thhu/plaplace/Example4/plaplace1.py:455: OptimizeWarning: Unknown solver options: method_bfgs, initial_scale
  result = minimize(loss_and_gradient, initial_weights,
/home/ET/thhu/plaplace/Example4/plaplace1.py:455: OptimizeWarning: Unknown solver options: method_bfgs, initial_scale
  result = minimize(loss_and_gradient, initial_weights,
/home/ET/thhu/plaplace/Example4/plaplace1.py:455: OptimizeWarning: Unknown solver options: method_bfgs, initial_scale
  result = minimize(loss_and_gradient, initial_weights,
/home/ET/thhu/plaplace/Example4/plaplace1.py:455: OptimizeWarning: Unknown solver options: method_bfgs, initial_scale
  result = minimize(loss_and_gradient, initial_weights,
/home/ET/thhu/plaplace/Example4/plaplace1.py:455: OptimizeWarning: Unknown solver options: method_bfgs, initial_scale
  result = minimize(loss_and_gradient, initial_weights,
/home/ET/thhu/plaplace/Example4/plaplace1.py:455: OptimizeWarning: Unknown solver options: method_bfgs, initial_scale
  result = minimize(loss_and_gradient, initial_weights,
/home/ET/thhu/plaplace/Example4/plaplace1.py:455: OptimizeWarning: Unknown solver options: method_bfgs, initial_scale
  result = minimize(loss_and_gradient, initial_weights,
/home/ET/thhu/plaplace/Example4/plaplace1.py:455: OptimizeWarning: Unknown solver options: method_bfgs, initial_scale
  result = minimize(loss_and_gradient, initial_weights,
/home/ET/thhu/plaplace/Example4/plaplace1.py:455: OptimizeWarning: Unknown solver options: method_bfgs, initial_scale
  result = minimize(loss_and_gradient, initial_weights,
i= 100
Epoch 100, loss: 0.0011167824996688143
i= 200
Epoch 200, loss: 8.431981309096906e-05
i= 300
Epoch 300, loss: 3.220450316282632e-05
i= 400
Epoch 400, loss: 2.654283510501028e-06
i= 500
Epoch 500, loss: 6.5069064145603835e-06
i= 600
Epoch 600, loss: 1.181904425719614e-06
i= 700
Epoch 700, loss: 4.7370787753953696e-07
i= 800
Epoch 800, loss: 3.5187989712326764e-07
i= 900
Epoch 900, loss: 1.5401208263657877e-07
i= 1000
Epoch 1000, loss: 1.0024731722933213e-07
9.442482902014947e-08 1
9.989116345847411e-15 1000
5.301465043864169e-17 2000
2.357137260714397e-17 3000
5.129050101295841e-18 4000
3.2341138824834962e-18 5000
2.4343123745382804e-18 6000
1.663338333204607e-18 7000
1.2507876190154011e-18 8000
1.1532311375997064e-18 9000
1.1199658023094556e-18 10000
2025-10-12 12:05:19.939769: I tensorflow/core/util/port.cc:153] oneDNN custom operations are on. You may see slightly different numerical results due to floating-point round-off errors from different computation orders. To turn them off, set the environment variable `TF_ENABLE_ONEDNN_OPTS=0`.
2025-10-12 12:05:19.979895: I tensorflow/core/platform/cpu_feature_guard.cc:210] This TensorFlow binary is optimized to use available CPU instructions in performance-critical operations.
To enable the following instructions: AVX2 AVX512F AVX512_VNNI AVX512_BF16 AVX512_FP16 AVX_VNNI AMX_TILE AMX_INT8 AMX_BF16 FMA, in other operations, rebuild TensorFlow with the appropriate compiler flags.
2025-10-12 12:05:20.817219: I tensorflow/core/util/port.cc:153] oneDNN custom operations are on. You may see slightly different numerical results due to floating-point round-off errors from different computation orders. To turn them off, set the environment variable `TF_ENABLE_ONEDNN_OPTS=0`.
WARNING: All log messages before absl::InitializeLog() is called are written to STDERR
I0000 00:00:1760241921.641544 3502002 gpu_device.cc:2020] Created device /job:localhost/replica:0/task:0/device:GPU:0 with 43505 MB memory:  -> device: 0, name: NVIDIA L40, pci bus id: 0000:8a:00.0, compute capability: 8.9
/home/ET/thhu/nn/lib/python3.12/site-packages/keras/src/optimizers/base_optimizer.py:857: UserWarning: Gradients do not exist for variables ['dense_3/bias'] when minimizing the loss. If using `model.compile()`, did you forget to provide a `loss` argument?
  warnings.warn(
i= 100
Epoch 100, loss: -334.00490931481835, error: 0.0026534348357353673
i= 200
Epoch 200, loss: -347.1091935767264, error: 0.00015998544214978355
i= 300
Epoch 300, loss: -343.303742370126, error: 5.7444104429568164e-05
i= 400
Epoch 400, loss: -341.53654250111623, error: 2.1814122070479296e-05
i= 500
Epoch 500, loss: -344.2624757588218, error: 2.944587740864911e-06
i= 600
Epoch 600, loss: -347.2476535145937, error: 1.4811961123064821e-06
i= 700
Epoch 700, loss: -348.23311250282666, error: 1.182699956296139e-06
i= 800
Epoch 800, loss: -348.2424937662629, error: 2.2423465428051972e-07
i= 900
Epoch 900, loss: -350.8943331046203, error: 1.1779803920501374e-07
i= 1000
Epoch 1000, loss: -343.5985132158921, error: 8.71050172531981e-08
i= 1100
Epoch 1100, loss: -343.8119234380158, error: 7.09615578595974e-08
i= 1200
Epoch 1200, loss: -352.48990319211896, error: 7.308223535003942e-08
i= 1300
Epoch 1300, loss: -347.67086772790924, error: 2.0542723094682744e-08
i= 1400
Epoch 1400, loss: -339.33849886164234, error: 7.703799559768504e-08
i= 1500
Epoch 1500, loss: -355.3572108514698, error: 4.840747214765965e-08
i= 1600
Epoch 1600, loss: -340.50476850769485, error: 7.34383070290259e-08
i= 1700
Epoch 1700, loss: -348.0090551532405, error: 6.914627138402975e-08
i= 1800
Epoch 1800, loss: -347.79412802579213, error: 1.3525932733757765e-07
i= 1900
Epoch 1900, loss: -345.9496738193809, error: 2.2693011745650436e-08
i= 2000
Epoch 2000, loss: -346.06845891456163, error: 1.4988282395122452e-08
i= 2100
Epoch 2100, loss: -349.9198812522036, error: 9.855755006358769e-08
i= 2200
Epoch 2200, loss: -345.88148503125535, error: 6.875147780400953e-07
i= 2300
Epoch 2300, loss: -350.5146890499429, error: 3.8282305715705617e-07
i= 2400
Epoch 2400, loss: -346.871321201645, error: 3.724332222205109e-08
i= 2500
Epoch 2500, loss: -350.66736770037335, error: 4.673820167175962e-07
i= 2600
Epoch 2600, loss: -351.2187675815785, error: 1.987601413883593e-07
i= 2700
Epoch 2700, loss: -350.50114811029187, error: 4.703236191831153e-08
i= 2800
Epoch 2800, loss: -348.1786948604965, error: 3.6135273303348164e-08
i= 2900
Epoch 2900, loss: -353.16886261389504, error: 1.7481604094620153e-07
i= 3000
Epoch 3000, loss: -352.185902752983, error: 4.3683394112187815e-08
i= 3100
Epoch 3100, loss: -348.78803947034726, error: 4.401483524810888e-08
i= 3200
Epoch 3200, loss: -351.490102582807, error: 3.4698874391219886e-08
i= 3300
Epoch 3300, loss: -352.2788203036743, error: 1.3230445260344352e-07
i= 3400
Epoch 3400, loss: -344.68031209338335, error: 7.557297110629825e-08
i= 3500
Epoch 3500, loss: -349.0280747050918, error: 3.8751335345594166e-08
i= 3600
Epoch 3600, loss: -350.04252677100624, error: 1.850977405458414e-08
i= 3700
Epoch 3700, loss: -347.842444540477, error: 4.108044547060401e-07
i= 3800
Epoch 3800, loss: -348.8433401507691, error: 5.139760939945064e-08
i= 3900
Epoch 3900, loss: -346.71854800680387, error: 3.640789481238762e-08
i= 4000
Epoch 4000, loss: -352.47757268581233, error: 8.410610159493894e-08
i= 4100
Epoch 4100, loss: -356.9187624831465, error: 1.545811663165682e-07
i= 4200
Epoch 4200, loss: -352.8164791141537, error: 4.4490514744738864e-08
i= 4300
Epoch 4300, loss: -343.84334348581, error: 2.3766136908434858e-08
i= 4400
Epoch 4400, loss: -347.326876346492, error: 3.1874859337448745e-08
i= 4500
Epoch 4500, loss: -340.67556833044637, error: 1.1183070436679118e-07
i= 4600
Epoch 4600, loss: -349.7918860555854, error: 6.774214946432305e-08
i= 4700
Epoch 4700, loss: -340.2306934136351, error: 4.403239765122951e-07
i= 4800
Epoch 4800, loss: -356.0268400791839, error: 1.608013915445478e-07
i= 4900
Epoch 4900, loss: -352.80432011157336, error: 1.5815527850927608e-07
i= 5000
Epoch 5000, loss: -345.79910704313795, error: 1.967370804457071e-07
i= 5100
Epoch 5100, loss: -351.6036660599157, error: 1.2062002206874777e-07
i= 5200
Epoch 5200, loss: -341.8083093798716, error: 3.640383660754327e-08
i= 5300
Epoch 5300, loss: -342.98070233047383, error: 1.9052916216862608e-08
i= 5400
Epoch 5400, loss: -346.52838497168636, error: 1.3895715290964722e-07
i= 5500
Epoch 5500, loss: -352.3177246137181, error: 1.7137772797108535e-07
i= 5600
Epoch 5600, loss: -351.50154894892535, error: 1.8497364371800296e-07
i= 5700
Epoch 5700, loss: -346.31150658064917, error: 2.342794533697196e-07
i= 5800
Epoch 5800, loss: -349.5574292866411, error: 9.263998989142835e-08
i= 5900
Epoch 5900, loss: -347.6480739465376, error: 1.678828440731738e-07
i= 6000
Epoch 6000, loss: -346.1992248284986, error: 8.349369895246047e-07
i= 6100
Epoch 6100, loss: -348.0347358297096, error: 3.599913399300452e-07
i= 6200
Epoch 6200, loss: -345.7261053063618, error: 1.0276945184265115e-07
i= 6300
Epoch 6300, loss: -348.41292243334107, error: 2.0033252382538756e-08
i= 6400
Epoch 6400, loss: -350.1014287483174, error: 1.4853172998610077e-07
i= 6500
Epoch 6500, loss: -352.6181927020121, error: 2.933944171504254e-08
i= 6600
Epoch 6600, loss: -352.5795310782489, error: 6.805751094671351e-08
i= 6700
Epoch 6700, loss: -344.7798320623981, error: 3.117352421270025e-07
i= 6800
Epoch 6800, loss: -346.45259573842173, error: 8.511228247559555e-08
i= 6900
Epoch 6900, loss: -346.34307501554764, error: 1.2945865335549044e-07
i= 7000
Epoch 7000, loss: -354.7952976356214, error: 3.8926188889554214e-08
i= 7100
Epoch 7100, loss: -343.6258459767024, error: 9.414138972952034e-08
i= 7200
Epoch 7200, loss: -353.0314797223805, error: 4.0665243617040886e-08
i= 7300
Epoch 7300, loss: -355.157988178683, error: 4.271537869911958e-08
i= 7400
Epoch 7400, loss: -346.43658378539925, error: 7.299535192241629e-08
i= 7500
Epoch 7500, loss: -341.7265634302398, error: 9.75342776572274e-08
i= 7600
Epoch 7600, loss: -347.8069220998043, error: 5.858949819727438e-09
i= 7700
Epoch 7700, loss: -356.9818958115339, error: 1.4660480117170803e-07
i= 7800
Epoch 7800, loss: -349.7070867058037, error: 4.793100772606355e-08
i= 7900
Epoch 7900, loss: -346.35188930165555, error: 1.132551422503242e-07
i= 8000
Epoch 8000, loss: -351.95313188876094, error: 7.03593187453356e-08
i= 8100
Epoch 8100, loss: -344.5446519681934, error: 1.9958186905413848e-08
i= 8200
Epoch 8200, loss: -353.85465764868474, error: 8.864418217324429e-08
i= 8300
Epoch 8300, loss: -345.4563757784817, error: 1.9118294090112851e-07
i= 8400
Epoch 8400, loss: -358.19525619002167, error: 8.2440442398942e-09
i= 8500
Epoch 8500, loss: -349.93115068800387, error: 1.0826179288640379e-07
i= 8600
Epoch 8600, loss: -342.8068005157279, error: 9.314846365553586e-08
i= 8700
Epoch 8700, loss: -348.42394248644496, error: 2.914629932713889e-07
i= 8800
Epoch 8800, loss: -344.6663739114068, error: 1.1787145060691885e-07
i= 8900
Epoch 8900, loss: -351.5488933565796, error: 1.4005637631173926e-07
i= 9000
Epoch 9000, loss: -352.0124614569928, error: 8.940582878449407e-08
i= 9100
Epoch 9100, loss: -347.440029767913, error: 1.9249123237497087e-07
i= 9200
Epoch 9200, loss: -355.30637096608507, error: 7.34486180533706e-08
i= 9300
Epoch 9300, loss: -351.6928737735685, error: 8.66493127872938e-08
i= 9400
Epoch 9400, loss: -349.80231458326097, error: 1.1409838580404717e-08
i= 9500
Epoch 9500, loss: -343.06980153615655, error: 1.1120161726513416e-07
i= 9600
Epoch 9600, loss: -351.6430270572806, error: 6.361650433433224e-08
i= 9700
Epoch 9700, loss: -347.3206404790709, error: 3.205069539725028e-08
i= 9800
Epoch 9800, loss: -355.17980039546626, error: 7.340601222622905e-08
i= 9900
Epoch 9900, loss: -342.3516329614445, error: 9.563141190615439e-08
i= 10000
Epoch 10000, loss: -345.37858683996336, error: 3.1283671360574575e-08
2025-11-11 10:26:34.365431: I tensorflow/core/util/port.cc:153] oneDNN custom operations are on. You may see slightly different numerical results due to floating-point round-off errors from different computation orders. To turn them off, set the environment variable `TF_ENABLE_ONEDNN_OPTS=0`.
2025-11-11 10:26:34.405334: I tensorflow/core/platform/cpu_feature_guard.cc:210] This TensorFlow binary is optimized to use available CPU instructions in performance-critical operations.
To enable the following instructions: AVX2 AVX512F AVX512_VNNI AVX512_BF16 AVX512_FP16 AVX_VNNI AMX_TILE AMX_INT8 AMX_BF16 FMA, in other operations, rebuild TensorFlow with the appropriate compiler flags.
2025-11-11 10:26:35.250227: I tensorflow/core/util/port.cc:153] oneDNN custom operations are on. You may see slightly different numerical results due to floating-point round-off errors from different computation orders. To turn them off, set the environment variable `TF_ENABLE_ONEDNN_OPTS=0`.
WARNING: All log messages before absl::InitializeLog() is called are written to STDERR
I0000 00:00:1762827996.043149 1925215 gpu_device.cc:2020] Created device /job:localhost/replica:0/task:0/device:GPU:0 with 46559 MB memory:  -> device: 0, name: NVIDIA L40, pci bus id: 0000:b4:00.0, compute capability: 8.9
/home/ET/thhu/nn/lib/python3.12/site-packages/keras/src/optimizers/base_optimizer.py:857: UserWarning: Gradients do not exist for variables ['dense_3/bias'] when minimizing the loss. If using `model.compile()`, did you forget to provide a `loss` argument?
  warnings.warn(
i= 100
Epoch 100, loss: -326.3734532342569, error: 0.0025764710772768263
i= 200
Epoch 200, loss: -345.89346646848935, error: 0.00012260240829191856
i= 300
Epoch 300, loss: -347.62488197661247, error: 3.292269648241582e-05
i= 400
Epoch 400, loss: -346.4012543481121, error: 7.230167582202e-06
i= 500
Epoch 500, loss: -350.6544989478801, error: 2.9683194976632187e-06
i= 600
Epoch 600, loss: -347.683308852217, error: 8.643444878196707e-07
i= 700
Epoch 700, loss: -349.87433208390974, error: 2.1219994399908874e-07
i= 800
Epoch 800, loss: -347.2014050654791, error: 7.511784796490755e-08
i= 900
Epoch 900, loss: -350.0147984724364, error: 3.3724271062656796e-08
i= 1000
Epoch 1000, loss: -351.3389174477682, error: 1.8974471217613507e-08
i= 1100
Epoch 1100, loss: -346.6640473433463, error: 1.3906077166665384e-08
i= 1200
Epoch 1200, loss: -346.4669169730748, error: 1.3159334839190421e-08
i= 1300
Epoch 1300, loss: -347.2325941854267, error: 1.0822891140554111e-08
i= 1400
Epoch 1400, loss: -349.8527951478927, error: 9.834631180030029e-09
i= 1500
Epoch 1500, loss: -347.4336079947499, error: 8.595761319977758e-09
i= 1600
Epoch 1600, loss: -347.20443558687475, error: 7.325758324208199e-09
i= 1700
Epoch 1700, loss: -347.82096940367853, error: 6.392369378597305e-09
i= 1800
Epoch 1800, loss: -349.1978785292513, error: 5.589032958594922e-09
i= 1900
Epoch 1900, loss: -348.5883361768271, error: 4.998706536676594e-09
i= 2000
Epoch 2000, loss: -348.9692748235551, error: 4.434734129435318e-09
i= 2100
Epoch 2100, loss: -350.51869217357324, error: 3.978320596190578e-09
i= 2200
Epoch 2200, loss: -350.63126426339034, error: 3.556693715927421e-09
i= 2300
Epoch 2300, loss: -347.10663026655806, error: 3.1464472511266373e-09
i= 2400
Epoch 2400, loss: -351.0072429348725, error: 2.8301269517789395e-09
i= 2500
Epoch 2500, loss: -347.7281022266933, error: 2.533542422225836e-09
i= 2600
Epoch 2600, loss: -348.9069513407215, error: 2.2861004826852767e-09
i= 2700
Epoch 2700, loss: -348.25551345378847, error: 2.0534164541381305e-09
i= 2800
Epoch 2800, loss: -348.1051083892433, error: 1.8619178822535074e-09
i= 2900
Epoch 2900, loss: -349.3990828017582, error: 1.6660187360418675e-09
i= 3000
Epoch 3000, loss: -347.561658348646, error: 1.5175476476390219e-09
i= 3100
Epoch 3100, loss: -348.2522694334284, error: 1.3461962759976152e-09
i= 3200
Epoch 3200, loss: -349.94714941212663, error: 1.2172919620450912e-09
i= 3300
Epoch 3300, loss: -349.7188543236817, error: 1.1022359002058843e-09
i= 3400
Epoch 3400, loss: -348.1790418924324, error: 9.897269394813043e-10
i= 3500
Epoch 3500, loss: -346.95664184632506, error: 8.952944301610413e-10
i= 3600
Epoch 3600, loss: -349.9704908761376, error: 7.89465937523267e-10
i= 3700
Epoch 3700, loss: -350.1149265195331, error: 7.306192871486943e-10
i= 3800
Epoch 3800, loss: -349.86429609703214, error: 6.528814582542548e-10
i= 3900
Epoch 3900, loss: -347.4931973211467, error: 5.770290448596152e-10
i= 4000
Epoch 4000, loss: -349.2630222914777, error: 5.256549340259622e-10
i= 4100
Epoch 4100, loss: -348.68284818429663, error: 4.731136189726895e-10
i= 4200
Epoch 4200, loss: -349.3770815523152, error: 4.2320686598909183e-10
i= 4300
Epoch 4300, loss: -348.0666150499898, error: 3.8098919698076284e-10
i= 4400
Epoch 4400, loss: -347.70789563619854, error: 3.4784029129041417e-10
i= 4500
Epoch 4500, loss: -350.2536373730545, error: 3.1666611183586564e-10
i= 4600
Epoch 4600, loss: -347.92273756268173, error: 2.87943209488403e-10
i= 4700
Epoch 4700, loss: -349.4094290615804, error: 2.6385748265612084e-10
i= 4800
Epoch 4800, loss: -349.41033505063496, error: 2.3618224021965616e-10
i= 4900
Epoch 4900, loss: -349.14059795442, error: 2.1337301674595336e-10
i= 5000
Epoch 5000, loss: -348.98940349530346, error: 1.9317040998746646e-10
i= 5100
Epoch 5100, loss: -350.379849954459, error: 1.7868107894731555e-10
i= 5200
Epoch 5200, loss: -346.5513815339132, error: 1.5873241760120428e-10
i= 5300
Epoch 5300, loss: -349.37157356980424, error: 1.4750940114073348e-10
i= 5400
Epoch 5400, loss: -348.9238852612729, error: 1.3834490314860277e-10
i= 5500
Epoch 5500, loss: -348.9202268559417, error: 1.2383167809155256e-10
i= 5600
Epoch 5600, loss: -350.3474265154174, error: 1.1468607540642678e-10
i= 5700
Epoch 5700, loss: -348.24985628319564, error: 1.0298189933763232e-10
i= 5800
Epoch 5800, loss: -347.83297185957633, error: 9.647428877726013e-11
i= 5900
Epoch 5900, loss: -349.80509133499345, error: 9.042929107710473e-11
i= 6000
Epoch 6000, loss: -346.469912321936, error: 8.195781617340474e-11
i= 6100
Epoch 6100, loss: -349.8580696479529, error: 7.490315868760932e-11
i= 6200
Epoch 6200, loss: -347.6510234984979, error: 6.901035225200535e-11
i= 6300
Epoch 6300, loss: -349.44044215347515, error: 6.281940396811511e-11
i= 6400
Epoch 6400, loss: -349.02404902543816, error: 5.750188394959462e-11
i= 6500
Epoch 6500, loss: -347.99777337924047, error: 5.254224547247881e-11
i= 6600
Epoch 6600, loss: -350.5579526658776, error: 4.7920025132510556e-11
i= 6700
Epoch 6700, loss: -347.50937146000854, error: 4.3086654661032324e-11
i= 6800
Epoch 6800, loss: -347.97694737274963, error: 3.9986521648213376e-11
i= 6900
Epoch 6900, loss: -348.76746239004825, error: 3.634006593729679e-11
i= 7000
Epoch 7000, loss: -348.68726200212336, error: 3.247029781511535e-11
i= 7100
Epoch 7100, loss: -349.92676125162575, error: 2.9151535555170525e-11
i= 7200
Epoch 7200, loss: -347.4572635391092, error: 2.7829201404673134e-11
i= 7300
Epoch 7300, loss: -347.87872094858517, error: 2.4483921780087967e-11
i= 7400
Epoch 7400, loss: -346.80377129255055, error: 2.2315085055392117e-11
i= 7500
Epoch 7500, loss: -348.516765093717, error: 1.9860572870852534e-11
i= 7600
Epoch 7600, loss: -349.06300850435736, error: 1.8112462380954472e-11
i= 7700
Epoch 7700, loss: -349.3076776476187, error: 1.6658952159983445e-11
i= 7800
Epoch 7800, loss: -350.33533195946393, error: 1.5390605937549155e-11
i= 7900
Epoch 7900, loss: -347.9986041934608, error: 1.4084581641697569e-11
i= 8000
Epoch 8000, loss: -348.7180259832786, error: 1.2621550599230663e-11
i= 8100
Epoch 8100, loss: -347.3316631318655, error: 1.0758043968992059e-11
i= 8200
Epoch 8200, loss: -349.0869513888147, error: 1.043493118544761e-11
i= 8300
Epoch 8300, loss: -349.67544299350016, error: 9.31178803427519e-12
i= 8400
Epoch 8400, loss: -346.3640112763647, error: 8.002516182356682e-12
i= 8500
Epoch 8500, loss: -349.68600810693545, error: 7.699911490479176e-12
i= 8600
Epoch 8600, loss: -348.86078982988266, error: 6.863772644714841e-12
i= 8700
Epoch 8700, loss: -349.9005734451033, error: 6.692991030102806e-12
i= 8800
Epoch 8800, loss: -348.01222916587733, error: 5.394625336266313e-12
i= 8900
Epoch 8900, loss: -350.1752628977724, error: 5.136849622564329e-12
i= 9000
Epoch 9000, loss: -348.871750530339, error: 5.0849509993288215e-12
i= 9100
Epoch 9100, loss: -347.5906304695785, error: 4.5340496400842534e-12
i= 9200
Epoch 9200, loss: -346.20513368628986, error: 4.181247510794272e-12
i= 9300
Epoch 9300, loss: -346.8377930750677, error: 3.715925154733047e-12
i= 9400
Epoch 9400, loss: -349.1790546508678, error: 5.175459929469069e-12
i= 9500
Epoch 9500, loss: -351.27284926160144, error: 4.43958299740825e-12
i= 9600
Epoch 9600, loss: -347.59190438100387, error: 2.7527763633127217e-12
i= 9700
Epoch 9700, loss: -348.7935503320029, error: 4.016457885680226e-12
i= 9800
Epoch 9800, loss: -350.1778044411732, error: 2.382673690197282e-12
i= 9900
Epoch 9900, loss: -348.4637901007382, error: 2.4656157628251714e-12
i= 10000
Epoch 10000, loss: -349.1952896161634, error: 5.975364350221325e-12
2026-01-17 10:25:17.058917: I tensorflow/core/util/port.cc:153] oneDNN custom operations are on. You may see slightly different numerical results due to floating-point round-off errors from different computation orders. To turn them off, set the environment variable `TF_ENABLE_ONEDNN_OPTS=0`.
2026-01-17 10:25:17.102240: I tensorflow/core/platform/cpu_feature_guard.cc:210] This TensorFlow binary is optimized to use available CPU instructions in performance-critical operations.
To enable the following instructions: AVX2 AVX512F AVX512_VNNI AVX512_BF16 AVX512_FP16 AVX_VNNI AMX_TILE AMX_INT8 AMX_BF16 FMA, in other operations, rebuild TensorFlow with the appropriate compiler flags.
2026-01-17 10:25:17.932022: I tensorflow/core/util/port.cc:153] oneDNN custom operations are on. You may see slightly different numerical results due to floating-point round-off errors from different computation orders. To turn them off, set the environment variable `TF_ENABLE_ONEDNN_OPTS=0`.
WARNING: All log messages before absl::InitializeLog() is called are written to STDERR
I0000 00:00:1768616718.790905 4101996 gpu_device.cc:2020] Created device /job:localhost/replica:0/task:0/device:GPU:0 with 46557 MB memory:  -> device: 0, name: NVIDIA L40, pci bus id: 0000:b4:00.0, compute capability: 8.9
/home/ET/thhu/nn/lib/python3.12/site-packages/keras/src/optimizers/base_optimizer.py:857: UserWarning: Gradients do not exist for variables ['dense_3/bias'] when minimizing the loss. If using `model.compile()`, did you forget to provide a `loss` argument?
  warnings.warn(
i= 100
Epoch 100, loss: -334.00490931481835, error: 0.002653434835735368
i= 200
Epoch 200, loss: -347.1091935767264, error: 0.00015998544214978377
i= 300
Epoch 300, loss: -343.30374237012586, error: 5.7444104429568225e-05
i= 400
Epoch 400, loss: -341.53654250111623, error: 2.181412207047935e-05
i= 500
Epoch 500, loss: -344.26247575882167, error: 2.9445877408649267e-06
i= 600
Epoch 600, loss: -347.2476535145936, error: 1.481196112306485e-06
i= 700
Epoch 700, loss: -348.23311250282654, error: 1.182699956296133e-06
i= 800
Epoch 800, loss: -348.242493766263, error: 2.2423465428052083e-07
i= 900
Epoch 900, loss: -350.8943331046203, error: 1.1779803920501374e-07
i= 1000
Epoch 1000, loss: -343.5985132158921, error: 8.710501725319835e-08
i= 1100
Epoch 1100, loss: -343.8119234380158, error: 7.096155785959757e-08
i= 1200
Epoch 1200, loss: -352.48990319211896, error: 7.308223535003954e-08
i= 1300
Epoch 1300, loss: -347.6708677279093, error: 2.054272309468291e-08
i= 1400
Epoch 1400, loss: -339.3384988616423, error: 7.703799559768517e-08
i= 1500
Epoch 1500, loss: -355.35721085146986, error: 4.840747214766035e-08
i= 1600
Epoch 1600, loss: -340.50476850769485, error: 7.343830702902433e-08
i= 1700
Epoch 1700, loss: -348.0090551532405, error: 6.914627138402938e-08
i= 1800
Epoch 1800, loss: -347.79412802579213, error: 1.352593273375782e-07
i= 1900
Epoch 1900, loss: -345.9496738193809, error: 2.2693011745650724e-08
i= 2000
Epoch 2000, loss: -346.0684589145616, error: 1.4988282395123068e-08
i= 2100
Epoch 2100, loss: -349.9198812522035, error: 9.855755006358793e-08
i= 2200
Epoch 2200, loss: -345.88148503125535, error: 6.875147780400936e-07
i= 2300
Epoch 2300, loss: -350.51468904994294, error: 3.82823057157049e-07
i= 2400
Epoch 2400, loss: -346.87132120164506, error: 3.72433222220511e-08
i= 2500
Epoch 2500, loss: -350.66736770037335, error: 4.67382016717596e-07
i= 2600
Epoch 2600, loss: -351.2187675815785, error: 1.987601413883598e-07
i= 2700
Epoch 2700, loss: -350.5011481102919, error: 4.703236191831008e-08
i= 2800
Epoch 2800, loss: -348.1786948604964, error: 3.613527330334877e-08
i= 2900
Epoch 2900, loss: -353.16886261389504, error: 1.7481604094619918e-07
i= 3000
Epoch 3000, loss: -352.18590275298294, error: 4.3683394112189284e-08
i= 3100
Epoch 3100, loss: -348.7880394703472, error: 4.4014835248108204e-08
i= 3200
Epoch 3200, loss: -351.4901025828071, error: 3.469887439122069e-08
i= 3300
Epoch 3300, loss: -352.27882030367437, error: 1.3230445260344572e-07
i= 3400
Epoch 3400, loss: -344.6803120933833, error: 7.557297110629995e-08
i= 3500
Epoch 3500, loss: -349.02807470509185, error: 3.8751335345593014e-08
i= 3600
Epoch 3600, loss: -350.04252677100624, error: 1.8509774054584443e-08
i= 3700
Epoch 3700, loss: -347.842444540477, error: 4.1080445470604993e-07
i= 3800
Epoch 3800, loss: -348.8433401507692, error: 5.1397609399451956e-08
i= 3900
Epoch 3900, loss: -346.71854800680387, error: 3.640789481238805e-08
i= 4000
Epoch 4000, loss: -352.47757268581233, error: 8.410610159493957e-08
i= 4100
Epoch 4100, loss: -356.91876248314657, error: 1.5458116631656567e-07
i= 4200
Epoch 4200, loss: -352.8164791141538, error: 4.449051474473768e-08
i= 4300
Epoch 4300, loss: -343.84334348580984, error: 2.376613690843521e-08
i= 4400
Epoch 4400, loss: -347.32687634649204, error: 3.187485933744834e-08
i= 4500
Epoch 4500, loss: -340.67556833044637, error: 1.1183070436679527e-07
i= 4600
Epoch 4600, loss: -349.7918860555854, error: 6.774214946431978e-08
i= 4700
Epoch 4700, loss: -340.2306934136351, error: 4.403239765122824e-07
i= 4800
Epoch 4800, loss: -356.0268400791839, error: 1.6080139154454517e-07
i= 4900
Epoch 4900, loss: -352.8043201115733, error: 1.5815527850926626e-07
i= 5000
Epoch 5000, loss: -345.7991070431379, error: 1.967370804457017e-07
i= 5100
Epoch 5100, loss: -351.6036660599157, error: 1.2062002206874305e-07
i= 5200
Epoch 5200, loss: -341.8083093798716, error: 3.64038366075419e-08
i= 5300
Epoch 5300, loss: -342.9807023304739, error: 1.9052916216863528e-08
i= 5400
Epoch 5400, loss: -346.5283849716865, error: 1.3895715290964863e-07
i= 5500
Epoch 5500, loss: -352.31772461371804, error: 1.713777279710885e-07
i= 5600
Epoch 5600, loss: -351.50154894892523, error: 1.849736437180018e-07
i= 5700
Epoch 5700, loss: -346.31150658064917, error: 2.3427945336973195e-07
i= 5800
Epoch 5800, loss: -349.557429286641, error: 9.263998989142731e-08
i= 5900
Epoch 5900, loss: -347.6480739465376, error: 1.6788284407317768e-07
i= 6000
Epoch 6000, loss: -346.19922482849864, error: 8.349369895245952e-07
i= 6100
Epoch 6100, loss: -348.0347358297096, error: 3.5999133993008386e-07
i= 6200
Epoch 6200, loss: -345.72610530636183, error: 1.0276945184264294e-07
i= 6300
Epoch 6300, loss: -348.4129224333412, error: 2.003325238253828e-08
i= 6400
Epoch 6400, loss: -350.1014287483173, error: 1.4853172998612284e-07
i= 6500
Epoch 6500, loss: -352.6181927020121, error: 2.9339441715038715e-08
i= 6600
Epoch 6600, loss: -352.579531078249, error: 6.805751094671678e-08
i= 6700
Epoch 6700, loss: -344.77983206239816, error: 3.117352421270127e-07
i= 6800
Epoch 6800, loss: -346.4525957384217, error: 8.511228247560095e-08
i= 6900
Epoch 6900, loss: -346.3430750155477, error: 1.2945865335552152e-07
i= 7000
Epoch 7000, loss: -354.7952976356213, error: 3.892618888959225e-08
i= 7100
Epoch 7100, loss: -343.6258459767024, error: 9.414138972951094e-08
i= 7200
Epoch 7200, loss: -353.03147972238054, error: 4.066524361707526e-08
i= 7300
Epoch 7300, loss: -355.157988178683, error: 4.271537869912552e-08
i= 7400
Epoch 7400, loss: -346.4365837853993, error: 7.299535192238218e-08
i= 7500
Epoch 7500, loss: -341.72656343023976, error: 9.753427765727481e-08
i= 7600
Epoch 7600, loss: -347.8069220998043, error: 5.858949819728654e-09
i= 7700
Epoch 7700, loss: -356.9818958115338, error: 1.4660480117170057e-07
i= 7800
Epoch 7800, loss: -349.7070867058036, error: 4.793100772606934e-08
i= 7900
Epoch 7900, loss: -346.35188930165555, error: 1.1325514225035666e-07
i= 8000
Epoch 8000, loss: -351.9531318887609, error: 7.035931874534469e-08
i= 8100
Epoch 8100, loss: -344.5446519681934, error: 1.995818690540507e-08
i= 8200
Epoch 8200, loss: -353.8546576486847, error: 8.864418217323226e-08
i= 8300
Epoch 8300, loss: -345.45637577848174, error: 1.9118294090122584e-07
i= 8400
Epoch 8400, loss: -358.1952561900216, error: 8.24404423989886e-09
i= 8500
Epoch 8500, loss: -349.9311506880036, error: 1.0826179288661651e-07
i= 8600
Epoch 8600, loss: -342.8068005157279, error: 9.314846365555156e-08
i= 8700
Epoch 8700, loss: -348.42394248644496, error: 2.914629932713306e-07
i= 8800
Epoch 8800, loss: -344.66637391140694, error: 1.178714506068813e-07
i= 8900
Epoch 8900, loss: -351.5488933565797, error: 1.400563763117115e-07
i= 9000
Epoch 9000, loss: -352.0124614569928, error: 8.94058287845056e-08
i= 9100
Epoch 9100, loss: -347.4400297679129, error: 1.9249123237512137e-07
i= 9200
Epoch 9200, loss: -355.30637096608507, error: 7.344861805332831e-08
i= 9300
Epoch 9300, loss: -351.69287377356846, error: 8.664931278734512e-08
i= 9400
Epoch 9400, loss: -349.80231458326074, error: 1.1409838580421289e-08
i= 9500
Epoch 9500, loss: -343.06980153615683, error: 1.1120161726490534e-07
i= 9600
Epoch 9600, loss: -351.6430270572808, error: 6.361650433425352e-08
i= 9700
Epoch 9700, loss: -347.320640479071, error: 3.205069539724571e-08
i= 9800
Epoch 9800, loss: -355.17980039546626, error: 7.340601222625786e-08
i= 9900
Epoch 9900, loss: -342.3516329614444, error: 9.563141190632529e-08
i= 10000
Epoch 10000, loss: -345.3785868399635, error: 3.1283671360553565e-08
2026-03-25 17:28:02.436345: I tensorflow/core/util/port.cc:153] oneDNN custom operations are on. You may see slightly different numerical results due to floating-point round-off errors from different computation orders. To turn them off, set the environment variable `TF_ENABLE_ONEDNN_OPTS=0`.
2026-03-25 17:28:02.475800: I tensorflow/core/platform/cpu_feature_guard.cc:210] This TensorFlow binary is optimized to use available CPU instructions in performance-critical operations.
To enable the following instructions: AVX2 AVX512F AVX512_VNNI AVX512_BF16 AVX512_FP16 AVX_VNNI AMX_TILE AMX_INT8 AMX_BF16 FMA, in other operations, rebuild TensorFlow with the appropriate compiler flags.
2026-03-25 17:28:03.315475: I tensorflow/core/util/port.cc:153] oneDNN custom operations are on. You may see slightly different numerical results due to floating-point round-off errors from different computation orders. To turn them off, set the environment variable `TF_ENABLE_ONEDNN_OPTS=0`.
WARNING: All log messages before absl::InitializeLog() is called are written to STDERR
I0000 00:00:1774430884.204205  969431 gpu_device.cc:2020] Created device /job:localhost/replica:0/task:0/device:GPU:0 with 43505 MB memory:  -> device: 0, name: NVIDIA L40, pci bus id: 0000:8a:00.0, compute capability: 8.9
/home/ET/thhu/nn/lib/python3.12/site-packages/keras/src/optimizers/base_optimizer.py:857: UserWarning: Gradients do not exist for variables ['dense_3/bias'] when minimizing the loss. If using `model.compile()`, did you forget to provide a `loss` argument?
  warnings.warn(
i= 100
Epoch 100, loss: -334.00490931481846, error: 0.0026534348357353673
i= 200
Epoch 200, loss: -347.10919357672634, error: 0.00015998544214978393
i= 300
Epoch 300, loss: -343.30374237012586, error: 5.7444104429568184e-05
i= 400
Epoch 400, loss: -341.5365425011163, error: 2.1814122070479374e-05
i= 500
Epoch 500, loss: -344.2624757588218, error: 2.9445877408649123e-06
i= 600
Epoch 600, loss: -347.24765351459365, error: 1.481196112306484e-06
i= 700
Epoch 700, loss: -348.2331125028266, error: 1.1826999562961354e-06
i= 800
Epoch 800, loss: -348.24249376626295, error: 2.2423465428052097e-07
i= 900
Epoch 900, loss: -350.8943331046203, error: 1.1779803920501391e-07
i= 1000
Epoch 1000, loss: -343.5985132158921, error: 8.710501725319822e-08
i= 1100
Epoch 1100, loss: -343.8119234380158, error: 7.096155785959751e-08
i= 1200
Epoch 1200, loss: -352.48990319211913, error: 7.308223535003888e-08
i= 1300
Epoch 1300, loss: -347.6708677279093, error: 2.0542723094682847e-08
i= 1400
Epoch 1400, loss: -339.33849886164234, error: 7.703799559768463e-08
i= 1500
Epoch 1500, loss: -355.35721085146986, error: 4.840747214765928e-08
i= 1600
Epoch 1600, loss: -340.50476850769485, error: 7.343830702902488e-08
i= 1700
Epoch 1700, loss: -348.0090551532405, error: 6.91462713840291e-08
i= 1800
Epoch 1800, loss: -347.79412802579213, error: 1.3525932733757895e-07
i= 1900
Epoch 1900, loss: -345.9496738193809, error: 2.2693011745650846e-08
i= 2000
Epoch 2000, loss: -346.06845891456146, error: 1.498828239512301e-08
i= 2100
Epoch 2100, loss: -349.9198812522034, error: 9.855755006358946e-08
i= 2200
Epoch 2200, loss: -345.8814850312554, error: 6.875147780400963e-07
i= 2300
Epoch 2300, loss: -350.51468904994283, error: 3.828230571570428e-07
i= 2400
Epoch 2400, loss: -346.87132120164506, error: 3.724332222205221e-08
i= 2500
Epoch 2500, loss: -350.6673677003733, error: 4.673820167175671e-07
i= 2600
Epoch 2600, loss: -351.2187675815786, error: 1.9876014138835529e-07
i= 2700
Epoch 2700, loss: -350.5011481102919, error: 4.70323619183105e-08
i= 2800
Epoch 2800, loss: -348.1786948604964, error: 3.6135273303348535e-08
i= 2900
Epoch 2900, loss: -353.16886261389504, error: 1.7481604094619902e-07
i= 3000
Epoch 3000, loss: -352.18590275298294, error: 4.368339411219264e-08
i= 3100
Epoch 3100, loss: -348.78803947034726, error: 4.4014835248109004e-08
i= 3200
Epoch 3200, loss: -351.490102582807, error: 3.469887439122049e-08
i= 3300
Epoch 3300, loss: -352.2788203036742, error: 1.3230445260344617e-07
i= 3400
Epoch 3400, loss: -344.68031209338346, error: 7.557297110629666e-08
i= 3500
Epoch 3500, loss: -349.0280747050918, error: 3.875133534559561e-08
i= 3600
Epoch 3600, loss: -350.04252677100624, error: 1.8509774054584103e-08
i= 3700
Epoch 3700, loss: -347.842444540477, error: 4.108044547060517e-07
i= 3800
Epoch 3800, loss: -348.8433401507692, error: 5.139760939945379e-08
i= 3900
Epoch 3900, loss: -346.71854800680387, error: 3.640789481238425e-08
i= 4000
Epoch 4000, loss: -352.4775726858122, error: 8.410610159493867e-08
i= 4100
Epoch 4100, loss: -356.9187624831466, error: 1.5458116631655905e-07
i= 4200
Epoch 4200, loss: -352.8164791141539, error: 4.4490514744735814e-08
i= 4300
Epoch 4300, loss: -343.84334348580984, error: 2.3766136908435014e-08
i= 4400
Epoch 4400, loss: -347.32687634649193, error: 3.187485933744921e-08
i= 4500
Epoch 4500, loss: -340.67556833044637, error: 1.1183070436679449e-07
i= 4600
Epoch 4600, loss: -349.79188605558545, error: 6.774214946432023e-08
i= 4700
Epoch 4700, loss: -340.2306934136349, error: 4.4032397651228196e-07
i= 4800
Epoch 4800, loss: -356.02684007918384, error: 1.6080139154454719e-07
i= 4900
Epoch 4900, loss: -352.8043201115733, error: 1.5815527850927915e-07
i= 5000
Epoch 5000, loss: -345.79910704313795, error: 1.967370804457147e-07
i= 5100
Epoch 5100, loss: -351.6036660599158, error: 1.2062002206875097e-07
i= 5200
Epoch 5200, loss: -341.8083093798716, error: 3.6403836607541945e-08
i= 5300
Epoch 5300, loss: -342.9807023304739, error: 1.905291621686359e-08
i= 5400
Epoch 5400, loss: -346.52838497168636, error: 1.3895715290964625e-07
i= 5500
Epoch 5500, loss: -352.31772461371804, error: 1.7137772797108535e-07
i= 5600
Epoch 5600, loss: -351.50154894892523, error: 1.8497364371800254e-07
i= 5700
Epoch 5700, loss: -346.31150658064917, error: 2.3427945336971874e-07
i= 5800
Epoch 5800, loss: -349.55742928664097, error: 9.263998989143152e-08
i= 5900
Epoch 5900, loss: -347.6480739465376, error: 1.678828440731717e-07
i= 6000
Epoch 6000, loss: -346.19922482849864, error: 8.349369895246056e-07
i= 6100
Epoch 6100, loss: -348.0347358297095, error: 3.5999133993007714e-07
i= 6200
Epoch 6200, loss: -345.7261053063619, error: 1.0276945184264837e-07
i= 6300
Epoch 6300, loss: -348.4129224333412, error: 2.0033252382538878e-08
i= 6400
Epoch 6400, loss: -350.10142874831735, error: 1.4853172998614323e-07
i= 6500
Epoch 6500, loss: -352.61819270201204, error: 2.9339441715038652e-08
i= 6600
Epoch 6600, loss: -352.579531078249, error: 6.80575109467184e-08
i= 6700
Epoch 6700, loss: -344.7798320623981, error: 3.1173524212703055e-07
i= 6800
Epoch 6800, loss: -346.4525957384218, error: 8.511228247560779e-08
i= 6900
Epoch 6900, loss: -346.34307501554764, error: 1.2945865335553272e-07
i= 7000
Epoch 7000, loss: -354.7952976356213, error: 3.8926188889609655e-08
i= 7100
Epoch 7100, loss: -343.6258459767024, error: 9.414138972949452e-08
i= 7200
Epoch 7200, loss: -353.0314797223804, error: 4.066524361707072e-08
i= 7300
Epoch 7300, loss: -355.15798817868307, error: 4.2715378699128465e-08
i= 7400
Epoch 7400, loss: -346.43658378539914, error: 7.299535192238307e-08
i= 7500
Epoch 7500, loss: -341.7265634302399, error: 9.753427765727307e-08
i= 7600
Epoch 7600, loss: -347.80692209980435, error: 5.858949819730435e-09
i= 7700
Epoch 7700, loss: -356.98189581153383, error: 1.4660480117168768e-07
i= 7800
Epoch 7800, loss: -349.7070867058037, error: 4.793100772607108e-08
i= 7900
Epoch 7900, loss: -346.3518893016556, error: 1.132551422503616e-07
i= 8000
Epoch 8000, loss: -351.9531318887609, error: 7.035931874534784e-08
i= 8100
Epoch 8100, loss: -344.54465196819336, error: 1.9958186905409944e-08
i= 8200
Epoch 8200, loss: -353.85465764868474, error: 8.864418217319871e-08
i= 8300
Epoch 8300, loss: -345.4563757784816, error: 1.9118294090126732e-07
i= 8400
Epoch 8400, loss: -358.19525619002155, error: 8.244044239899535e-09
i= 8500
Epoch 8500, loss: -349.9311506880035, error: 1.0826179288670323e-07
i= 8600
Epoch 8600, loss: -342.8068005157279, error: 9.314846365556817e-08
i= 8700
Epoch 8700, loss: -348.42394248644496, error: 2.9146299327130804e-07
i= 8800
Epoch 8800, loss: -344.66637391140694, error: 1.1787145060686328e-07
i= 8900
Epoch 8900, loss: -351.5488933565796, error: 1.400563763117022e-07
i= 9000
Epoch 9000, loss: -352.0124614569928, error: 8.940582878450957e-08
i= 9100
Epoch 9100, loss: -347.44002976791285, error: 1.9249123237521624e-07
i= 9200
Epoch 9200, loss: -355.3063709660851, error: 7.344861805330012e-08
i= 9300
Epoch 9300, loss: -351.6928737735684, error: 8.664931278737826e-08
i= 9400
Epoch 9400, loss: -349.80231458326085, error: 1.1409838580431106e-08
i= 9500
Epoch 9500, loss: -343.0698015361568, error: 1.1120161726479435e-07
i= 9600
Epoch 9600, loss: -351.64302705728085, error: 6.361650433420492e-08
i= 9700
Epoch 9700, loss: -347.3206404790709, error: 3.205069539724466e-08
i= 9800
Epoch 9800, loss: -355.17980039546626, error: 7.340601222628535e-08
i= 9900
Epoch 9900, loss: -342.35163296144424, error: 9.563141190642081e-08
i= 10000
Epoch 10000, loss: -345.37858683996353, error: 3.1283671360538484e-08
